x,y,label,split,projection_method
-36.479397,8.312235,0,train,tsne_2d
-5.5066257,-25.965618,1,train,tsne_2d
-0.06658528,35.0972,0,train,tsne_2d
7.739848,-35.106197,1,train,tsne_2d
1.7360046,31.00376,0,train,tsne_2d
-17.619041,-4.5934668,0,train,tsne_2d
-37.56354,-4.8206925,0,train,tsne_2d
3.7845,41.377647,0,train,tsne_2d
-3.4816408,22.835224,0,train,tsne_2d
-0.8473895,-25.296473,1,train,tsne_2d
10.690563,-42.75521,1,train,tsne_2d
-0.24270532,30.043053,0,train,tsne_2d
36.74503,-6.911988,1,train,tsne_2d
-3.1711848,-41.815815,1,train,tsne_2d
-3.6640363,-26.574724,1,train,tsne_2d
1.5611323,39.859207,0,train,tsne_2d
-38.08114,-8.95761,0,train,tsne_2d
42.74596,-3.6045392,1,train,tsne_2d
-25.86645,3.442301,0,train,tsne_2d
32.97828,-6.0382133,1,train,tsne_2d
41.98048,11.395941,1,train,tsne_2d
-3.346977,43.415325,0,train,tsne_2d
7.1061606,29.894339,0,train,tsne_2d
-11.73336,-28.024242,1,train,tsne_2d
-33.435513,-10.269155,0,train,tsne_2d
-7.869019,-26.76373,1,train,tsne_2d
4.5869865,-35.394627,1,train,tsne_2d
-25.265747,4.0179687,0,train,tsne_2d
-3.7905717,28.441624,0,train,tsne_2d
37.2679,-6.53571,1,train,tsne_2d
23.353865,-3.3860967,1,train,tsne_2d
-36.14242,3.1641757,0,train,tsne_2d
-12.621995,32.9873,0,train,tsne_2d
-8.515443,28.247482,0,train,tsne_2d
47.39854,0.37014142,1,train,tsne_2d
34.17541,-0.13853258,1,train,tsne_2d
-12.88734,-28.814152,1,train,tsne_2d
-8.000981,46.295444,0,train,tsne_2d
27.589756,2.9693995,1,train,tsne_2d
-7.239713,33.560646,0,train,tsne_2d
30.599682,12.713964,1,train,tsne_2d
-11.69263,-37.56844,1,train,tsne_2d
34.265842,15.086729,1,train,tsne_2d
-36.43693,7.570315,0,train,tsne_2d
11.276103,29.954723,0,train,tsne_2d
-21.484888,2.5877407,0,train,tsne_2d
28.213848,12.292058,1,train,tsne_2d
42.507324,-2.0218208,1,train,tsne_2d
28.571611,-5.3203545,1,train,tsne_2d
-22.555128,5.5120955,0,train,tsne_2d
0.6215652,-37.57469,1,train,tsne_2d
-6.0062833,36.284664,0,train,tsne_2d
3.5592456,36.64869,0,train,tsne_2d
6.7005963,-29.126091,1,train,tsne_2d
31.799688,7.0053945,1,train,tsne_2d
47.030975,-1.5011312,1,train,tsne_2d
-9.680857,-36.109436,1,train,tsne_2d
2.4250236,30.799526,0,train,tsne_2d
38.16597,-5.5259547,1,train,tsne_2d
3.9670568,39.0107,0,train,tsne_2d
40.078934,-2.9261441,1,train,tsne_2d
4.1927543,-41.693844,1,train,tsne_2d
49.456406,7.0623145,1,train,tsne_2d
1.9229954,32.074093,0,train,tsne_2d
-5.0418367,41.27297,0,train,tsne_2d
28.321089,14.502138,0,train,tsne_2d
4.7099686,36.49154,0,train,tsne_2d
38.391994,0.63912445,1,train,tsne_2d
-7.0779696,-29.502459,1,train,tsne_2d
0.9794791,25.140846,0,train,tsne_2d
32.96987,-9.583278,1,train,tsne_2d
44.384026,13.715597,1,train,tsne_2d
30.95567,1.6343205,1,train,tsne_2d
11.401317,-28.44755,1,train,tsne_2d
0.81998694,-44.78436,1,train,tsne_2d
-38.502766,-1.3736976,0,train,tsne_2d
-4.9584746,22.572575,0,train,tsne_2d
-21.957571,4.2065597,0,train,tsne_2d
13.545652,-39.65731,1,train,tsne_2d
-9.892948,-40.878197,1,train,tsne_2d
2.4643526,-26.944122,1,train,tsne_2d
-32.470745,3.6624582,0,train,tsne_2d
-9.69871,35.045685,0,train,tsne_2d
-40.126293,-0.5694538,0,train,tsne_2d
-34.029606,-1.4380826,0,train,tsne_2d
-32.324497,-12.300985,0,train,tsne_2d
41.79578,-6.692687,1,train,tsne_2d
-7.230379,31.159023,0,train,tsne_2d
-4.2099185,22.98255,0,train,tsne_2d
1.8787831,39.040142,0,train,tsne_2d
-41.947945,-3.9884074,0,train,tsne_2d
9.84419,-28.875816,1,train,tsne_2d
-3.5325205,-40.26463,1,train,tsne_2d
-9.891903,-33.819263,1,train,tsne_2d
-0.9492211,-38.2588,1,train,tsne_2d
-35.70933,-5.42249,0,train,tsne_2d
-0.47912875,25.406176,0,train,tsne_2d
-13.385371,-32.572662,1,train,tsne_2d
-0.26862705,-47.537174,1,train,tsne_2d
-32.96831,0.7669121,0,train,tsne_2d
0.6599689,-36.195168,1,train,tsne_2d
-7.0196037,-33.75547,1,train,tsne_2d
2.8518393,-41.91251,1,train,tsne_2d
-7.8884954,36.166286,0,train,tsne_2d
37.69333,6.6430683,1,train,tsne_2d
27.447727,-0.98759985,1,train,tsne_2d
7.4288197,-34.715767,1,train,tsne_2d
8.812628,34.217484,0,train,tsne_2d
5.9229417,30.610847,0,train,tsne_2d
3.1930258,27.234896,0,train,tsne_2d
2.8215106,-38.500004,1,train,tsne_2d
3.522427,30.602938,0,train,tsne_2d
-36.3959,-3.9062092,0,train,tsne_2d
13.860309,-31.697977,1,train,tsne_2d
-22.16275,-2.2136118,0,train,tsne_2d
35.539753,4.8554125,1,train,tsne_2d
-33.134724,-1.948315,0,train,tsne_2d
-22.48496,-0.48569795,0,train,tsne_2d
-5.2950177,31.515114,0,train,tsne_2d
37.52861,4.1395755,1,train,tsne_2d
-19.159021,-9.49952,0,train,tsne_2d
43.830254,11.990737,1,train,tsne_2d
-20.66723,-0.36178142,0,train,tsne_2d
-22.655142,5.746339,0,train,tsne_2d
-31.466413,4.3069897,0,train,tsne_2d
-5.5784264,-38.812054,1,train,tsne_2d
-32.46873,1.7814479,0,train,tsne_2d
-35.885693,-1.8045967,0,train,tsne_2d
-11.301913,38.13039,0,train,tsne_2d
39.930214,13.202922,1,train,tsne_2d
5.936557,31.65718,0,train,tsne_2d
-14.842442,-2.8739488,0,train,tsne_2d
-0.5282439,30.082027,0,train,tsne_2d
-2.0697536,-38.19945,1,train,tsne_2d
-8.209504,31.719028,0,train,tsne_2d
-31.922768,5.597955,0,train,tsne_2d
5.419385,23.45647,0,train,tsne_2d
8.612463,33.987324,0,train,tsne_2d
35.564888,-8.84218,1,train,tsne_2d
44.09655,8.427543,1,train,tsne_2d
-0.2204886,-28.512802,1,train,tsne_2d
-26.598494,1.7902836,0,train,tsne_2d
12.341819,34.735004,0,train,tsne_2d
8.436509,-39.893845,1,train,tsne_2d
27.188385,-9.445358,1,train,tsne_2d
5.755605,-38.317204,1,train,tsne_2d
-1.7294489,33.93258,0,train,tsne_2d
32.67533,-0.20731726,1,train,tsne_2d
0.017295504,-32.315567,1,train,tsne_2d
40.3111,8.710005,1,train,tsne_2d
7.296394,-26.19319,1,train,tsne_2d
44.376854,1.5852227,1,train,tsne_2d
-14.910947,-1.9847159,0,train,tsne_2d
22.910944,-3.7046075,1,train,tsne_2d
-0.39362237,-36.43707,1,train,tsne_2d
5.360734,24.355696,0,train,tsne_2d
10.426776,-44.240902,1,train,tsne_2d
-12.070158,-34.327774,1,train,tsne_2d
-34.320477,-2.5537813,0,train,tsne_2d
-38.77813,9.910274,0,train,tsne_2d
38.76161,12.355371,1,train,tsne_2d
40.408432,-7.331972,1,train,tsne_2d
-12.166205,30.278067,0,train,tsne_2d
3.361584,27.371998,0,train,tsne_2d
-36.694866,8.634339,0,train,tsne_2d
9.98845,27.129646,0,train,tsne_2d
10.526466,30.227976,0,train,tsne_2d
-30.566381,-6.1844745,0,train,tsne_2d
7.9732122,30.903383,0,train,tsne_2d
7.6430264,-24.316917,1,train,tsne_2d
-9.681514,-25.973043,1,train,tsne_2d
-26.026922,9.4819975,0,train,tsne_2d
-10.543895,44.001266,0,train,tsne_2d
-2.3750367,-29.460238,1,train,tsne_2d
1.9264749,-35.091057,1,train,tsne_2d
2.8622534,-26.1385,1,train,tsne_2d
7.41582,40.250877,0,train,tsne_2d
-1.281785,43.243107,0,train,tsne_2d
-2.658096,48.112972,0,train,tsne_2d
-11.882027,31.785452,0,train,tsne_2d
4.9195595,33.294533,0,train,tsne_2d
-5.482165,34.06264,0,train,tsne_2d
-32.798298,-6.2727056,0,train,tsne_2d
32.23088,4.2672195,1,train,tsne_2d
35.356766,-12.08708,1,train,tsne_2d
-6.894188,-44.065834,1,train,tsne_2d
-33.66834,-5.0202646,0,train,tsne_2d
28.848948,-3.292107,1,train,tsne_2d
29.897175,-1.4978641,1,train,tsne_2d
39.84897,7.756927,1,train,tsne_2d
46.452602,3.7724485,1,train,tsne_2d
12.483038,30.279654,0,train,tsne_2d
40.662758,-3.3320081,1,train,tsne_2d
5.8138204,26.454454,0,train,tsne_2d
-38.887516,1.1819355,0,train,tsne_2d
-13.881969,-23.875069,0,train,tsne_2d
-4.9297075,38.96681,0,train,tsne_2d
21.908823,0.9413462,1,train,tsne_2d
-23.66193,-7.9203753,0,train,tsne_2d
-35.39364,3.6486564,0,train,tsne_2d
45.81543,-4.2247453,1,train,tsne_2d
-6.954612,-41.983208,1,train,tsne_2d
-35.415226,-0.38266084,0,train,tsne_2d
28.646868,-5.449142,1,train,tsne_2d
7.2469153,-29.924196,1,train,tsne_2d
35.480103,2.6886027,1,train,tsne_2d
-8.178319,24.99231,0,train,tsne_2d
39.58554,10.063745,1,train,tsne_2d
32.095123,-9.962979,1,train,tsne_2d
9.347278,-42.626747,1,train,tsne_2d
-1.8080338,26.138145,0,train,tsne_2d
32.808975,-6.4657583,1,train,tsne_2d
-35.700283,0.63987285,0,train,tsne_2d
-33.354603,4.508539,0,train,tsne_2d
2.2203484,-30.996197,1,train,tsne_2d
-41.918167,-0.0032872474,0,train,tsne_2d
29.923626,10.822102,1,train,tsne_2d
-35.96487,-4.164374,0,train,tsne_2d
0.046112422,24.928411,0,train,tsne_2d
0.7650639,34.980236,0,train,tsne_2d
-6.6459446,47.06164,0,train,tsne_2d
38.57086,10.102087,1,train,tsne_2d
-1.6131605,34.906178,0,train,tsne_2d
8.361963,-41.719273,1,train,tsne_2d
-30.639935,6.2200985,0,train,tsne_2d
-3.660307,-26.225622,1,train,tsne_2d
-10.598098,33.145237,0,train,tsne_2d
12.420863,-33.93728,1,train,tsne_2d
36.950626,0.96681017,1,train,tsne_2d
-8.219546,-32.739273,1,train,tsne_2d
-1.7205477,-39.773624,1,train,tsne_2d
5.4601803,-30.402922,0,train,tsne_2d
39.100506,14.713665,1,train,tsne_2d
-0.39688578,25.222168,0,train,tsne_2d
-3.6134293,24.854012,0,train,tsne_2d
-7.672979,25.487059,0,train,tsne_2d
0.8206249,22.036203,0,train,tsne_2d
37.075554,6.9770737,1,train,tsne_2d
1.7413049,32.883442,0,train,tsne_2d
43.109066,-5.097721,1,train,tsne_2d
-8.724075,28.444687,0,train,tsne_2d
4.770112,-35.72187,1,train,tsne_2d
39.022785,3.5704865,1,train,tsne_2d
8.430451,-39.459114,1,train,tsne_2d
-6.3488812,48.41775,0,train,tsne_2d
-38.158825,4.984113,0,train,tsne_2d
-32.715897,9.370298,1,train,tsne_2d
11.601599,-35.606945,1,train,tsne_2d
2.424205,45.643032,0,train,tsne_2d
3.9838223,-30.815908,1,train,tsne_2d
36.919292,0.58206755,1,train,tsne_2d
1.6109382,28.595726,0,train,tsne_2d
-37.09469,2.730417,0,train,tsne_2d
-44.501045,-1.3210719,0,train,tsne_2d
-42.950756,4.798883,0,train,tsne_2d
2.0125527,-22.583553,1,train,tsne_2d
-3.1835732,24.254477,0,train,tsne_2d
40.351,1.9709089,1,train,tsne_2d
-35.644253,-9.198598,0,train,tsne_2d
-33.628597,-6.599973,0,train,tsne_2d
27.84526,-8.6763,1,train,tsne_2d
-10.45332,36.757942,0,train,tsne_2d
35.96325,-4.135154,1,train,tsne_2d
-1.3230785,-29.78713,1,train,tsne_2d
1.0237069,-28.66026,1,train,tsne_2d
6.0921392,-40.321915,1,train,tsne_2d
-0.2952241,32.919064,0,train,tsne_2d
42.17891,9.620094,1,train,tsne_2d
-3.9232156,41.71642,0,train,tsne_2d
-34.988846,3.409142,0,train,tsne_2d
3.4531739,30.31629,0,train,tsne_2d
-21.35638,-4.3653183,0,train,tsne_2d
3.4634917,-42.96477,1,train,tsne_2d
-9.103933,29.306978,0,train,tsne_2d
4.8101087,-39.723034,1,train,tsne_2d
32.24074,0.6980201,1,train,tsne_2d
-10.218358,44.324917,0,train,tsne_2d
1.7921507,31.44066,0,train,tsne_2d
-3.6762724,43.105686,0,train,tsne_2d
0.72626543,40.948784,0,train,tsne_2d
-10.034555,-37.43679,1,train,tsne_2d
0.39088213,24.580189,0,train,tsne_2d
2.3988855,-42.27175,1,train,tsne_2d
27.838118,-3.8125398,1,train,tsne_2d
11.694044,29.38295,0,train,tsne_2d
14.834158,-36.20095,1,train,tsne_2d
25.146235,3.827389,1,train,tsne_2d
28.39364,3.4781106,1,train,tsne_2d
36.749416,-5.1400023,1,train,tsne_2d
27.7612,8.949648,1,train,tsne_2d
-12.350047,32.50664,0,train,tsne_2d
9.070679,-41.80411,1,train,tsne_2d
4.0129633,-32.251358,1,train,tsne_2d
12.813091,-42.623302,1,train,tsne_2d
-43.10059,-0.95655847,0,train,tsne_2d
5.539586,34.217075,0,train,tsne_2d
-40.69995,1.1375303,0,train,tsne_2d
4.857176,-34.15043,1,train,tsne_2d
23.308424,-3.0742815,1,train,tsne_2d
-12.6840725,-28.887388,1,train,tsne_2d
33.621086,0.6129275,1,train,tsne_2d
7.9049163,33.225296,0,train,tsne_2d
10.513332,-32.289135,1,train,tsne_2d
-9.800874,35.03115,0,train,tsne_2d
42.0224,7.099731,1,train,tsne_2d
-34.150738,-9.977721,0,train,tsne_2d
-4.430275,50.08981,0,train,tsne_2d
39.860424,0.7195762,1,train,tsne_2d
-26.87394,-0.6551051,0,train,tsne_2d
4.2348785,-26.269186,1,train,tsne_2d
3.71703,42.381584,0,train,tsne_2d
46.42858,7.3363914,1,train,tsne_2d
40.097816,13.039613,1,train,tsne_2d
12.755699,-35.974907,1,train,tsne_2d
5.3838067,-30.58981,1,train,tsne_2d
-38.92284,2.3930175,0,train,tsne_2d
50.35765,6.7408,1,train,tsne_2d
30.979687,-8.623325,1,train,tsne_2d
-11.13853,39.84136,0,train,tsne_2d
-6.1232595,-33.546635,1,train,tsne_2d
12.467311,32.973392,0,train,tsne_2d
-28.568213,6.4819527,0,train,tsne_2d
5.411174,30.917656,0,train,tsne_2d
-21.73105,3.151136,0,train,tsne_2d
35.739872,2.8101063,1,train,tsne_2d
36.81736,-0.76571023,1,train,tsne_2d
-3.8713014,35.31184,0,train,tsne_2d
-39.118984,-4.1269894,0,train,tsne_2d
47.033504,3.3709872,1,train,tsne_2d
-28.641745,7.7985015,0,train,tsne_2d
-29.89553,0.3448219,0,train,tsne_2d
36.81214,2.023715,1,train,tsne_2d
-7.9883513,42.150467,0,train,tsne_2d
-3.171317,-41.92429,1,train,tsne_2d
13.706087,-37.21272,1,train,tsne_2d
-5.2005987,47.317257,0,train,tsne_2d
34.16773,-8.851557,1,train,tsne_2d
10.662397,-42.566372,1,train,tsne_2d
24.734114,1.7550802,1,train,tsne_2d
25.781496,4.0836062,1,train,tsne_2d
1.4941001,40.536224,0,train,tsne_2d
-8.206552,41.233612,0,train,tsne_2d
3.7550611,22.128832,0,train,tsne_2d
-36.073723,2.1243105,0,train,tsne_2d
31.184195,-9.563364,1,train,tsne_2d
-17.654373,-5.744539,0,train,tsne_2d
28.258379,-0.5591772,1,train,tsne_2d
5.3203497,43.31246,0,train,tsne_2d
24.09566,6.8778267,1,train,tsne_2d
9.60114,31.564363,0,train,tsne_2d
-15.266753,-3.2403727,0,train,tsne_2d
44.14967,-3.1642926,1,train,tsne_2d
-15.529069,-4.1810055,0,train,tsne_2d
43.572605,3.1972942,1,train,tsne_2d
-13.233533,39.566326,0,train,tsne_2d
1.7405499,42.806255,0,train,tsne_2d
49.02024,4.085175,1,train,tsne_2d
47.62097,2.7592745,1,train,tsne_2d
34.962807,11.458465,1,train,tsne_2d
5.3460517,-26.12945,1,train,tsne_2d
25.498686,-4.194432,1,train,tsne_2d
-1.4578701,-30.121122,1,train,tsne_2d
-32.519855,-10.770236,0,train,tsne_2d
32.209076,13.075944,1,train,tsne_2d
-8.914146,-28.960796,1,train,tsne_2d
39.62755,-4.6748204,1,train,tsne_2d
6.6308084,-43.475025,1,train,tsne_2d
44.724823,2.3545003,1,train,tsne_2d
-10.952362,-28.638384,1,train,tsne_2d
-43.122437,1.3510829,0,train,tsne_2d
1.6400685,22.513597,0,train,tsne_2d
5.4198775,-38.727146,1,train,tsne_2d
6.2958865,25.30901,0,train,tsne_2d
35.144386,0.74448603,1,train,tsne_2d
46.08802,8.303182,1,train,tsne_2d
-1.9665294,-39.436825,1,train,tsne_2d
10.330327,-37.87332,1,train,tsne_2d
-2.3096137,-46.15472,1,train,tsne_2d
2.925991,24.251987,0,train,tsne_2d
11.143959,-41.42038,1,train,tsne_2d
28.373943,-6.9653707,1,train,tsne_2d
8.659355,34.64812,0,train,tsne_2d
38.865562,-6.467701,1,train,tsne_2d
-22.511879,6.077944,0,train,tsne_2d
31.351488,-0.70492935,1,train,tsne_2d
0.051276535,-38.66773,1,train,tsne_2d
-40.365288,-9.628451,0,train,tsne_2d
-38.265434,2.3851142,0,train,tsne_2d
40.077305,-5.630592,1,train,tsne_2d
-32.076084,-0.25933778,0,train,tsne_2d
-38.41855,8.092345,0,train,tsne_2d
26.216908,4.525737,1,train,tsne_2d
8.585656,30.74843,0,train,tsne_2d
3.5458612,-28.133034,1,train,tsne_2d
8.405286,-41.79655,1,train,tsne_2d
3.8160112,31.88458,0,train,tsne_2d
6.234326,-28.872644,1,train,tsne_2d
-7.018669,42.075634,0,train,tsne_2d
2.7605445,-34.876125,1,train,tsne_2d
-35.869717,-8.855805,0,train,tsne_2d
1.7076328,-32.101543,1,train,tsne_2d
34.15421,-7.374375,1,train,tsne_2d
29.1299,-9.945459,1,train,tsne_2d
27.663546,-7.9637547,1,train,tsne_2d
27.857527,-5.183015,1,train,tsne_2d
-1.4423494,-33.262924,1,train,tsne_2d
35.1216,-10.469938,1,train,tsne_2d
1.1363256,36.158527,0,train,tsne_2d
38.509956,11.051508,1,train,tsne_2d
-41.696384,0.019320896,0,train,tsne_2d
28.702497,4.236021,1,train,tsne_2d
33.417534,-7.889016,1,train,tsne_2d
-0.9806531,-44.765724,1,train,tsne_2d
33.437103,12.09864,1,train,tsne_2d
-28.735657,-9.726306,0,train,tsne_2d
-15.249246,-31.359732,1,train,tsne_2d
-2.6005683,-39.05603,1,train,tsne_2d
-43.873333,-7.2677493,0,train,tsne_2d
-14.298656,-2.4128704,0,train,tsne_2d
-29.782166,-8.005896,0,train,tsne_2d
-4.687643,33.445415,0,train,tsne_2d
-34.24001,4.3549433,0,train,tsne_2d
-4.531286,37.44599,0,train,tsne_2d
34.807774,10.281002,1,train,tsne_2d
36.860855,14.54374,1,train,tsne_2d
0.8902719,35.69338,0,train,tsne_2d
1.846418,45.33694,0,train,tsne_2d
-37.593605,-9.422223,0,train,tsne_2d
-3.9077396,-37.26273,1,train,tsne_2d
-23.175432,4.4658523,0,train,tsne_2d
-38.15674,3.6932073,1,train,tsne_2d
-38.095867,9.388149,0,train,tsne_2d
33.81407,9.597759,1,train,tsne_2d
30.025728,7.949154,1,train,tsne_2d
35.494286,-10.738505,1,train,tsne_2d
33.03194,13.550413,1,train,tsne_2d
8.4109955,36.290634,0,train,tsne_2d
28.153917,9.58641,1,train,tsne_2d
6.2858686,37.40311,0,train,tsne_2d
6.1856403,-42.04726,1,train,tsne_2d
-2.6490238,31.826973,0,train,tsne_2d
-38.92669,-4.161431,0,train,tsne_2d
3.5775812,-33.81434,1,train,tsne_2d
-8.213089,-30.024748,1,train,tsne_2d
25.415646,10.389742,1,train,tsne_2d
-34.645973,-5.468697,0,train,tsne_2d
-25.300013,-2.9409785,0,train,tsne_2d
-23.466887,-11.624302,0,train,tsne_2d
-11.749341,-35.684685,1,train,tsne_2d
-0.1794531,37.265194,0,train,tsne_2d
-25.119987,2.0132496,0,train,tsne_2d
12.303304,30.294275,0,train,tsne_2d
11.292164,-43.752228,1,train,tsne_2d
-7.553375,-29.294876,1,train,tsne_2d
1.2951714,28.539076,0,train,tsne_2d
-25.432035,3.8730736,0,train,tsne_2d
8.794077,30.847488,0,train,tsne_2d
6.815946,-44.54706,1,train,tsne_2d
28.485796,7.272074,1,train,tsne_2d
2.9076672,-28.530012,1,train,tsne_2d
-4.098664,-39.31692,1,train,tsne_2d
-31.939157,-4.97025,0,train,tsne_2d
-31.048239,-5.052585,0,train,tsne_2d
-25.57889,-0.70167446,0,train,tsne_2d
-42.269566,8.281953,0,train,tsne_2d
36.65151,2.8287516,1,train,tsne_2d
45.787407,1.6992872,1,train,tsne_2d
-3.7598767,25.32134,0,train,tsne_2d
26.374645,4.3166804,1,train,tsne_2d
-36.07096,-2.2348433,0,train,tsne_2d
2.109461,-33.749706,1,train,tsne_2d
-10.860127,40.74546,0,train,tsne_2d
-2.6469507,31.482111,0,train,tsne_2d
27.75976,-10.201595,1,train,tsne_2d
44.70744,14.062468,1,train,tsne_2d
-1.9487497,42.766327,0,train,tsne_2d
-1.6494806,30.335976,0,train,tsne_2d
-30.36427,10.950565,0,train,tsne_2d
9.885571,-41.061867,1,train,tsne_2d
-4.533931,48.498447,0,train,tsne_2d
-45.064762,-4.207924,0,train,tsne_2d
5.0513425,-38.950893,1,train,tsne_2d
-38.12139,-2.3429878,0,train,tsne_2d
-9.581406,-25.902689,1,train,tsne_2d
40.442078,10.769352,1,train,tsne_2d
4.082347,22.635195,0,train,tsne_2d
-0.81865597,36.34857,0,train,tsne_2d
39.768955,11.262671,1,train,tsne_2d
-18.29359,-2.0522854,0,train,tsne_2d
5.478065,-39.202225,1,train,tsne_2d
41.168304,-4.262576,1,train,tsne_2d
-40.8668,-2.9152925,0,train,tsne_2d
28.223007,-7.487324,1,train,tsne_2d
48.631657,4.642781,1,train,tsne_2d
-10.58214,-32.333145,1,train,tsne_2d
-37.258495,-9.072185,0,train,tsne_2d
2.8618631,-26.359827,1,train,tsne_2d
34.644325,5.2922544,1,train,tsne_2d
2.9769576,-34.61805,1,train,tsne_2d
43.72313,-2.655038,1,train,tsne_2d
4.827503,-36.644444,1,train,tsne_2d
42.984573,8.805343,1,train,tsne_2d
1.1140218,-39.560333,1,train,tsne_2d
-23.55728,-3.6134365,0,train,tsne_2d
-5.635944,24.804697,0,train,tsne_2d
47.355194,-1.2086085,1,train,tsne_2d
-2.4728107,26.611698,0,train,tsne_2d
-14.804272,-1.8023877,0,train,tsne_2d
-6.0198946,26.473816,0,train,tsne_2d
-0.3692603,-36.84853,1,train,tsne_2d
-8.513494,43.647247,0,train,tsne_2d
32.768627,-11.08859,1,train,tsne_2d
-4.4777374,-36.632324,1,train,tsne_2d
-14.131848,-32.761284,1,train,tsne_2d
3.5677576,30.769688,0,train,tsne_2d
-11.129688,38.26124,0,train,tsne_2d
31.988804,-5.963824,1,train,tsne_2d
45.953945,2.8516767,1,train,tsne_2d
-7.971804,-32.834354,1,train,tsne_2d
-30.118587,5.979422,0,train,tsne_2d
-24.013367,0.7549404,0,train,tsne_2d
-34.413548,10.712248,0,train,tsne_2d
-6.833567,-35.949642,1,train,tsne_2d
-0.5371063,-33.561283,1,train,tsne_2d
3.3842018,-43.652508,1,train,tsne_2d
29.124674,-10.481681,1,train,tsne_2d
1.5369132,22.257965,0,train,tsne_2d
39.363304,6.480531,1,train,tsne_2d
4.1183844,45.700367,0,train,tsne_2d
-29.796947,-14.059175,0,train,tsne_2d
-14.152193,-35.85718,1,train,tsne_2d
-1.756178,-30.755384,1,train,tsne_2d
-11.161461,-30.248316,1,train,tsne_2d
-30.338158,6.804482,0,train,tsne_2d
1.519224,43.88257,0,train,tsne_2d
-29.536825,-4.1986547,0,train,tsne_2d
0.66142666,-33.75161,1,train,tsne_2d
41.405167,11.860189,1,train,tsne_2d
46.659252,5.4455266,1,train,tsne_2d
7.462503,-27.881681,1,train,tsne_2d
-22.412235,-10.043724,0,train,tsne_2d
-37.481968,-4.5019526,0,train,tsne_2d
-15.462054,-3.5261388,0,train,tsne_2d
46.719242,-2.8585963,1,train,tsne_2d
-23.38474,-2.958543,0,train,tsne_2d
31.967268,5.598684,1,train,tsne_2d
-6.8815904,25.66305,0,train,tsne_2d
-9.1868,32.732376,0,train,tsne_2d
-30.964546,-6.4963503,0,train,tsne_2d
12.476317,32.89073,0,train,tsne_2d
28.872997,9.925585,1,train,tsne_2d
6.7778816,37.37611,0,train,tsne_2d
-8.517549,-31.454521,1,train,tsne_2d
-10.397273,-35.13072,1,train,tsne_2d
-42.766254,2.6879323,0,train,tsne_2d
-19.815443,-5.0571413,0,train,tsne_2d
-6.418797,-33.942196,1,train,tsne_2d
-24.304691,8.100574,0,train,tsne_2d
-31.897991,-2.834845,0,train,tsne_2d
-24.249802,8.145236,0,train,tsne_2d
1.6218407,43.862553,0,train,tsne_2d
30.077185,1.8618003,1,train,tsne_2d
5.650706,-38.80419,1,train,tsne_2d
35.557983,8.843592,1,train,tsne_2d
-37.442562,3.205925,0,train,tsne_2d
-6.263354,26.363497,0,train,tsne_2d
37.79077,3.4081457,1,train,tsne_2d
11.704006,-33.780594,1,train,tsne_2d
-28.164152,-8.3499,0,train,tsne_2d
-1.2856779,38.966824,0,train,tsne_2d
-4.223596,-29.914726,1,train,tsne_2d
40.194187,4.758161,1,train,tsne_2d
-4.200183,34.823463,0,train,tsne_2d
4.5163655,-27.620808,1,train,tsne_2d
-22.921556,-10.154959,0,train,tsne_2d
3.9878678,21.172184,0,train,tsne_2d
1.2969412,44.954025,0,train,tsne_2d
23.219963,-3.141434,1,train,tsne_2d
-29.151888,8.16137,0,train,tsne_2d
0.08635031,-41.396233,1,train,tsne_2d
26.18212,-1.229841,1,train,tsne_2d
-2.6688795,-37.64922,1,train,tsne_2d
39.03603,-2.0297275,1,train,tsne_2d
-41.6918,5.011604,0,train,tsne_2d
-28.77866,-0.47327718,0,train,tsne_2d
-15.740835,-4.027686,0,train,tsne_2d
37.498856,-6.1488132,1,train,tsne_2d
-4.7498174,43.77095,0,train,tsne_2d
6.282905,32.495735,0,train,tsne_2d
-28.222456,8.231545,0,train,tsne_2d
26.80009,-2.3106906,1,train,tsne_2d
33.079575,-9.681863,1,train,tsne_2d
6.1132264,23.908268,0,train,tsne_2d
11.783925,-38.212463,1,train,tsne_2d
-0.88996845,37.826454,0,train,tsne_2d
-3.6466923,40.061275,0,train,tsne_2d
-13.586803,-31.799469,1,train,tsne_2d
2.3702903,-24.856976,1,train,tsne_2d
25.359816,-0.80391765,1,train,tsne_2d
48.620663,1.8704424,1,train,tsne_2d
27.45433,3.6321936,1,train,tsne_2d
1.9664598,-24.332214,1,train,tsne_2d
-24.494396,3.4539397,0,train,tsne_2d
0.9327119,-34.23303,1,train,tsne_2d
-16.831745,-3.4962215,0,train,tsne_2d
-33.891674,4.2089734,0,train,tsne_2d
-32.60433,1.4350904,0,train,tsne_2d
-23.535278,-8.881946,0,train,tsne_2d
-8.79025,-33.279903,1,train,tsne_2d
40.946766,7.2588944,1,train,tsne_2d
27.781433,-3.0156279,1,train,tsne_2d
1.1923146,-41.441402,1,train,tsne_2d
6.7941504,26.11108,0,train,tsne_2d
-31.391836,2.07399,0,train,tsne_2d
1.9256073,-27.933973,1,train,tsne_2d
-39.649033,-6.3789015,0,train,tsne_2d
-2.1926374,-44.484562,1,train,tsne_2d
-1.6820891,44.985683,0,train,tsne_2d
27.355995,11.515892,1,train,tsne_2d
-7.5693655,-36.63824,1,train,tsne_2d
39.95064,-1.6846218,1,train,tsne_2d
30.749912,-3.0582426,1,train,tsne_2d
44.001457,6.710609,1,train,tsne_2d
2.1356587,-31.900208,1,train,tsne_2d
32.012077,14.116371,1,train,tsne_2d
43.584064,13.20642,1,train,tsne_2d
46.74199,-2.9331493,1,train,tsne_2d
23.051094,2.7010047,1,train,tsne_2d
33.35804,0.9567316,1,train,tsne_2d
1.494796,-43.59177,1,train,tsne_2d
-34.92722,-9.785228,0,train,tsne_2d
-2.3818815,30.328514,0,train,tsne_2d
-26.653868,6.768784,0,train,tsne_2d
26.848143,-2.2730184,1,train,tsne_2d
-11.217953,-33.087437,1,train,tsne_2d
-26.836954,-0.77370745,0,train,tsne_2d
6.894791,-41.33759,1,train,tsne_2d
-29.143427,-8.023505,0,train,tsne_2d
0.5372576,19.21715,0,train,tsne_2d
47.39007,4.4364777,1,train,tsne_2d
1.4753048,-43.663918,1,train,tsne_2d
39.042645,6.853533,1,train,tsne_2d
-23.77222,5.7951317,0,train,tsne_2d
-23.524511,-7.670253,0,train,tsne_2d
0.9709101,45.5089,0,train,tsne_2d
12.566001,-41.416477,1,train,tsne_2d
-16.55788,-6.3217955,0,train,tsne_2d
-34.950542,3.2689025,0,train,tsne_2d
-15.69104,-1.165913,0,train,tsne_2d
32.41222,9.290264,1,train,tsne_2d
25.846664,-3.5865703,1,train,tsne_2d
-19.312235,-4.3467093,0,train,tsne_2d
8.252478,-45.630733,1,train,tsne_2d
-2.0796328,42.889767,0,train,tsne_2d
11.276044,-36.619976,1,train,tsne_2d
-28.333805,6.341846,0,train,tsne_2d
36.740295,7.3507123,1,train,tsne_2d
7.4000077,-26.17827,1,train,tsne_2d
5.2274704,38.21831,0,train,tsne_2d
-2.2027323,34.858143,0,train,tsne_2d
2.9071374,-41.052784,1,train,tsne_2d
8.560596,-26.79277,1,train,tsne_2d
34.266674,12.930959,1,train,tsne_2d
-42.382607,2.527912,0,train,tsne_2d
-0.23383006,-26.248936,1,train,tsne_2d
2.1856103,-27.230696,1,train,tsne_2d
36.349037,-1.6782521,1,train,tsne_2d
-6.3277655,45.581852,0,train,tsne_2d
9.688343,42.30868,0,train,tsne_2d
26.500795,0.122656174,1,train,tsne_2d
-11.513899,-34.606068,1,train,tsne_2d
-12.23113,27.174349,0,train,tsne_2d
-34.004963,-1.5343456,0,train,tsne_2d
3.0080452,-27.182981,1,train,tsne_2d
-2.8756537,-46.39352,1,train,tsne_2d
-41.97896,-9.904774,0,train,tsne_2d
-21.77563,-4.3643627,0,train,tsne_2d
-44.16853,0.22461896,0,train,tsne_2d
-45.282215,-4.114911,0,train,tsne_2d
1.1439822,19.146948,0,train,tsne_2d
36.177376,6.8943834,1,train,tsne_2d
0.40447295,46.60924,0,train,tsne_2d
-3.5536594,-26.00825,1,train,tsne_2d
3.0363123,-43.56909,1,train,tsne_2d
10.03904,-38.360825,1,train,tsne_2d
-9.313497,38.07015,0,train,tsne_2d
37.098206,-1.5813977,1,train,tsne_2d
-3.5814197,30.390194,0,train,tsne_2d
-37.843636,9.68091,0,train,tsne_2d
9.818679,-24.984837,1,train,tsne_2d
-32.902527,2.0952263,0,train,tsne_2d
-36.213703,-0.18321227,0,train,tsne_2d
-30.821548,-3.7530015,0,train,tsne_2d
-32.868797,-7.9416347,0,train,tsne_2d
-0.61039484,21.96136,0,train,tsne_2d
22.554731,-0.62710667,1,train,tsne_2d
31.229568,-2.498685,1,train,tsne_2d
-20.159927,-8.974436,0,train,tsne_2d
33.560246,3.3549263,1,train,tsne_2d
-11.312913,29.765032,0,train,tsne_2d
-3.3950746,-37.00631,1,train,tsne_2d
-19.679302,-3.081988,0,train,tsne_2d
43.736294,3.7508311,1,train,tsne_2d
12.198424,32.955246,0,train,tsne_2d
-8.11736,31.563011,0,train,tsne_2d
-7.998999,26.504538,1,train,tsne_2d
28.06383,-1.1215723,1,train,tsne_2d
8.402145,38.189075,0,train,tsne_2d
-39.70161,-8.567558,0,train,tsne_2d
-40.2773,5.016791,0,train,tsne_2d
-22.093576,6.887073,0,train,tsne_2d
-0.55293953,44.786636,0,train,tsne_2d
-8.064504,-28.622404,1,train,tsne_2d
-41.081673,8.584041,0,train,tsne_2d
-17.857714,-5.8513904,0,train,tsne_2d
33.90796,14.047968,1,train,tsne_2d
41.34692,-6.6769524,1,train,tsne_2d
-42.270947,-9.6524315,0,train,tsne_2d
32.18757,-2.532757,1,train,tsne_2d
-7.4891376,42.125237,0,train,tsne_2d
-17.78371,-1.4949564,0,train,tsne_2d
8.313331,-27.696049,1,train,tsne_2d
-19.938993,-1.4130622,0,train,tsne_2d
33.47882,-11.979006,1,train,tsne_2d
36.489113,3.943153,1,train,tsne_2d
-4.607219,-29.995829,1,train,tsne_2d
0.61509633,41.479794,0,train,tsne_2d
-6.6776695,47.81998,0,train,tsne_2d
-38.51626,-10.632154,0,train,tsne_2d
16.296001,-37.9982,1,train,tsne_2d
11.249664,-38.832787,1,train,tsne_2d
28.503048,-9.952965,1,train,tsne_2d
-32.675552,5.559402,0,train,tsne_2d
-2.8109217,37.285667,0,train,tsne_2d
42.7985,0.60650045,1,train,tsne_2d
37.821552,-4.1159244,1,train,tsne_2d
42.853943,1.7391709,1,train,tsne_2d
-40.28377,-5.4647145,0,train,tsne_2d
2.1749313,23.338852,0,train,tsne_2d
45.656837,-1.122006,1,train,tsne_2d
37.012783,3.2755713,1,train,tsne_2d
-32.442482,-12.263949,0,train,tsne_2d
0.6077494,26.630245,0,train,tsne_2d
-4.843384,28.530348,0,train,tsne_2d
0.7255221,-43.377968,1,train,tsne_2d
7.0779176,33.562393,0,train,tsne_2d
36.898968,11.129123,1,train,tsne_2d
9.296796,-43.805492,1,train,tsne_2d
13.879748,-39.38734,1,train,tsne_2d
7.902537,-45.62942,1,train,tsne_2d
-30.936136,3.1135824,0,train,tsne_2d
-6.7765737,29.843904,0,train,tsne_2d
-10.383342,29.27533,0,train,tsne_2d
-17.46892,-2.9165392,0,train,tsne_2d
6.4535613,-27.504663,1,train,tsne_2d
-31.485994,-1.2620933,0,train,tsne_2d
10.686483,27.8115,0,train,tsne_2d
6.16082,35.122185,0,train,tsne_2d
4.952507,28.055204,0,train,tsne_2d
-36.51058,-11.787115,0,train,tsne_2d
26.438631,-10.15414,1,train,tsne_2d
-16.285458,0.6756037,0,train,tsne_2d
-23.190228,5.520247,0,train,tsne_2d
-10.10118,-34.586708,1,train,tsne_2d
-3.7028375,-44.942062,1,train,tsne_2d
-13.36584,-34.59706,1,train,tsne_2d
10.224328,-35.997356,1,train,tsne_2d
-0.4100749,26.839819,0,train,tsne_2d
3.1853652,33.903454,0,train,tsne_2d
-2.6899345,37.605328,0,train,tsne_2d
3.5652025,35.337128,0,train,tsne_2d
34.247345,6.517591,1,train,tsne_2d
-27.5493,-4.7978683,0,train,tsne_2d
11.565107,-36.793163,1,train,tsne_2d
-10.778407,29.036282,0,train,tsne_2d
6.874655,-38.372116,1,train,tsne_2d
-10.046083,38.35453,0,train,tsne_2d
-9.62359,-33.90376,1,train,tsne_2d
28.212214,1.6123437,1,train,tsne_2d
28.632929,3.4996219,1,train,tsne_2d
1.7595426,-25.703428,1,train,tsne_2d
40.34308,3.6451988,1,train,tsne_2d
-36.200623,-2.0606298,0,train,tsne_2d
27.807972,-2.762025,1,train,tsne_2d
36.82627,-0.7406889,1,train,tsne_2d
24.36526,-4.107481,1,train,tsne_2d
31.961971,7.67432,1,train,tsne_2d
-34.85216,-12.43573,0,train,tsne_2d
9.130271,40.168644,0,train,tsne_2d
10.581676,30.351673,0,train,tsne_2d
-29.645397,4.658618,0,train,tsne_2d
3.2525117,-29.8251,1,train,tsne_2d
34.686874,7.656498,1,train,tsne_2d
2.5659096,-37.042744,1,train,tsne_2d
-29.256401,-2.312582,0,train,tsne_2d
-9.952598,-36.986908,1,train,tsne_2d
-6.122415,-41.366653,1,train,tsne_2d
-35.19856,8.212125,0,train,tsne_2d
-43.00103,-6.254313,0,train,tsne_2d
-21.97264,0.26283485,0,train,tsne_2d
4.7626166,-27.957626,1,train,tsne_2d
-24.443563,-6.009082,0,train,tsne_2d
-8.102332,45.312874,0,train,tsne_2d
-38.127357,-8.058082,0,train,tsne_2d
9.3090925,34.311005,0,train,tsne_2d
33.370605,9.0657215,1,train,tsne_2d
-0.5927512,-38.87558,1,train,tsne_2d
-0.19723949,47.43447,0,train,tsne_2d
-30.375807,9.944933,0,train,tsne_2d
-43.52599,-7.326476,0,train,tsne_2d
-19.303936,1.3271357,0,train,tsne_2d
2.4630768,46.855362,0,train,tsne_2d
2.2792451,-31.23503,1,train,tsne_2d
13.698825,-37.286144,1,train,tsne_2d
-0.9776322,43.16464,0,train,tsne_2d
0.0043771546,-21.196676,1,train,tsne_2d
-30.743235,1.0694683,0,train,tsne_2d
-37.676342,-10.246282,0,train,tsne_2d
2.5170894,36.952873,0,train,tsne_2d
-15.7193575,-34.318344,1,train,tsne_2d
-31.582294,2.844626,0,train,tsne_2d
39.923683,6.6044626,1,train,tsne_2d
3.0638275,38.543438,0,train,tsne_2d
-0.35889438,20.01627,0,train,tsne_2d
-4.132343,26.833801,0,train,tsne_2d
36.591278,5.322859,1,train,tsne_2d
-44.39631,2.235208,0,train,tsne_2d
-4.797365,43.060047,0,train,tsne_2d
-36.269234,1.188353,0,train,tsne_2d
-21.865042,-0.7990909,0,train,tsne_2d
3.01152,-42.002075,1,train,tsne_2d
30.759335,-3.1283762,1,train,tsne_2d
46.418324,-1.5780483,1,train,tsne_2d
45.838737,10.299188,1,train,tsne_2d
-31.808008,-7.3745255,0,train,tsne_2d
-13.113284,39.672855,0,train,tsne_2d
-6.058575,40.55444,0,train,tsne_2d
3.006422,-27.025042,1,train,tsne_2d
-3.4213011,-30.451086,1,train,tsne_2d
-1.3480827,-35.72426,1,train,tsne_2d
-40.945614,-4.4611826,0,train,tsne_2d
0.7526267,36.78235,0,train,tsne_2d
-9.154123,-36.411224,1,train,tsne_2d
3.6711838,34.184258,0,train,tsne_2d
-7.088311,38.99939,0,train,tsne_2d
-17.936663,-7.160526,0,train,tsne_2d
-25.430058,-2.2777214,0,train,tsne_2d
-5.703896,35.27162,0,train,tsne_2d
15.794062,-36.85736,1,train,tsne_2d
35.07421,14.866075,1,train,tsne_2d
0.17158483,-42.364918,1,train,tsne_2d
-25.205,-9.527771,0,train,tsne_2d
34.916954,5.207775,1,train,tsne_2d
48.419804,4.162948,1,train,tsne_2d
-41.57468,8.343661,0,train,tsne_2d
6.3950496,27.447554,0,train,tsne_2d
7.080867,-31.819445,1,train,tsne_2d
48.4345,-0.14084093,1,train,tsne_2d
-26.318588,-0.8833202,0,train,tsne_2d
-0.10632368,21.95018,0,train,tsne_2d
10.189355,-33.272015,1,train,tsne_2d
-36.4113,6.5143924,0,train,tsne_2d
-4.9406533,-43.10194,1,train,tsne_2d
-0.8623361,32.33286,0,train,tsne_2d
-2.0157661,33.837017,0,train,tsne_2d
-37.012882,-2.162866,0,train,tsne_2d
3.4885254,36.82252,0,train,tsne_2d
-9.119923,43.600834,0,train,tsne_2d
43.283875,9.838441,1,train,tsne_2d
27.82366,-5.1404366,1,train,tsne_2d
37.55928,-2.6400597,1,train,tsne_2d
31.655008,-4.875893,1,train,tsne_2d
6.283694,-45.629234,1,train,tsne_2d
-37.37193,10.232723,0,train,tsne_2d
4.998708,-33.893097,1,train,tsne_2d
44.437004,4.93448,1,train,tsne_2d
-7.742168,30.22624,0,train,tsne_2d
-3.9286292,-40.975735,1,train,tsne_2d
40.21069,-0.33922917,1,train,tsne_2d
5.489237,-31.8447,1,train,tsne_2d
-40.78578,-4.7708306,0,train,tsne_2d
-5.720823,38.629852,0,train,tsne_2d
-24.57794,6.707818,0,train,tsne_2d
5.6095147,41.03131,0,train,tsne_2d
6.5520716,32.266823,0,train,tsne_2d
-0.33254588,-35.769596,1,train,tsne_2d
-4.0172677,-23.055387,1,train,tsne_2d
-41.905907,-3.2234137,0,train,tsne_2d
13.655371,-31.12603,1,train,tsne_2d
-6.1137023,-40.218197,1,train,tsne_2d
8.286395,32.40706,0,train,tsne_2d
-37.263832,-4.934965,0,train,tsne_2d
-39.923237,-6.1027927,0,train,tsne_2d
2.2338233,-37.461407,1,train,tsne_2d
35.065083,15.171375,1,train,tsne_2d
1.2660184,30.153654,0,train,tsne_2d
33.902134,-5.80199,1,train,tsne_2d
-29.76847,-13.963959,0,train,tsne_2d
-36.57733,1.9765213,0,train,tsne_2d
9.55461,-28.4178,1,train,tsne_2d
31.501478,-2.047833,1,train,tsne_2d
35.92826,11.807753,1,train,tsne_2d
-27.48058,-2.8180423,0,train,tsne_2d
-5.5923595,-39.230145,1,train,tsne_2d
-45.25532,-6.561549,0,train,tsne_2d
-8.720209,43.766174,0,train,tsne_2d
-41.16451,-4.1589475,0,train,tsne_2d
34.464714,-6.759072,1,train,tsne_2d
9.208632,28.279184,0,train,tsne_2d
47.3818,4.9668794,1,train,tsne_2d
2.6360557,22.175129,0,train,tsne_2d
11.313562,33.90665,0,train,tsne_2d
-5.936446,36.9527,0,train,tsne_2d
-8.2480345,45.64038,0,train,tsne_2d
5.478037,37.041637,0,train,tsne_2d
-0.34916878,26.49253,0,train,tsne_2d
-20.990044,5.1559043,0,train,tsne_2d
-0.7358355,41.68455,0,train,tsne_2d
-31.28813,7.403,0,train,tsne_2d
-1.6779906,-35.5862,1,train,tsne_2d
31.871876,-4.841983,1,train,tsne_2d
-39.06437,-8.834071,0,train,tsne_2d
-12.868677,-29.067799,1,train,tsne_2d
-1.9263554,-36.834175,1,train,tsne_2d
27.722095,7.601409,1,train,tsne_2d
1.4279646,-26.463142,1,train,tsne_2d
-17.544647,-11.389413,1,train,tsne_2d
-0.8753476,33.876133,0,train,tsne_2d
37.348217,-4.038134,1,train,tsne_2d
-1.2261056,-28.790607,0,train,tsne_2d
5.4235363,37.75388,0,train,tsne_2d
38.2534,-4.3827157,1,train,tsne_2d
3.683681,-28.182306,1,train,tsne_2d
1.4135331,25.904232,0,train,tsne_2d
7.5756264,40.64666,0,train,tsne_2d
31.812773,-1.6925194,1,train,tsne_2d
34.82141,3.5140398,1,train,tsne_2d
-1.7248117,37.65472,0,train,tsne_2d
-38.369186,-1.5192416,0,train,tsne_2d
-39.568535,-8.9544115,0,train,tsne_2d
5.7537713,-32.66016,1,train,tsne_2d
24.337925,0.5229828,1,train,tsne_2d
0.5589232,41.48179,0,train,tsne_2d
1.9142085,21.576347,0,train,tsne_2d
-22.73388,6.2474008,0,train,tsne_2d
29.103954,10.085996,1,train,tsne_2d
-1.4843136,47.573124,0,train,tsne_2d
-7.316115,-28.62059,1,train,tsne_2d
0.30273253,21.38178,0,train,tsne_2d
-7.8072634,40.302986,0,train,tsne_2d
-6.375886,40.530624,0,train,tsne_2d
-28.114107,-5.5855403,0,train,tsne_2d
-10.923998,37.85259,0,train,tsne_2d
32.702732,0.0468337,1,train,tsne_2d
-32.428326,-11.994385,0,train,tsne_2d
28.12361,7.32137,1,train,tsne_2d
22.790916,2.7331388,1,train,tsne_2d
43.480946,11.0431185,1,train,tsne_2d
47.40882,0.9081969,1,train,tsne_2d
-8.549099,35.01045,0,train,tsne_2d
1.2855824,34.190895,0,train,tsne_2d
41.702232,9.23002,1,train,tsne_2d
-6.347739,-43.866703,1,train,tsne_2d
29.691072,6.617769,1,train,tsne_2d
-38.737114,-11.559971,0,train,tsne_2d
-25.81952,-9.92059,0,train,tsne_2d
2.0658822,28.41565,0,train,tsne_2d
24.79432,-6.583367,1,train,tsne_2d
-8.213047,-29.564537,1,train,tsne_2d
-6.9428115,-40.544342,1,train,tsne_2d
1.2125964,45.966747,0,train,tsne_2d
-2.0541766,-38.14581,0,train,tsne_2d
1.2765929,32.76311,0,train,tsne_2d
-10.579716,-38.858734,1,train,tsne_2d
-33.110878,8.03765,0,train,tsne_2d
-39.34219,-7.688274,0,train,tsne_2d
-16.690992,-4.5949655,0,train,tsne_2d
24.756413,1.8245937,1,train,tsne_2d
10.701891,32.788532,0,train,tsne_2d
46.884823,-1.2801284,1,train,tsne_2d
-7.536786,-39.96355,1,train,tsne_2d
4.447842,29.658718,0,train,tsne_2d
43.02558,-0.59583205,1,train,tsne_2d
1.6859169,24.153011,0,train,tsne_2d
-3.5783277,25.068665,0,train,tsne_2d
10.44712,37.19264,0,train,tsne_2d
-33.71488,6.3309755,0,train,tsne_2d
31.508831,1.9128361,1,train,tsne_2d
-30.180891,1.1112934,0,train,tsne_2d
6.4402423,25.841478,0,train,tsne_2d
-0.20699371,-37.84361,1,train,tsne_2d
6.597184,40.541576,0,train,tsne_2d
-38.545273,8.420066,0,train,tsne_2d
27.26259,-8.373417,1,train,tsne_2d
-36.97329,-11.354145,0,train,tsne_2d
-32.59412,-7.896583,0,train,tsne_2d
4.046421,-39.552757,1,train,tsne_2d
-34.692287,-5.269052,0,train,tsne_2d
31.788078,1.988776,1,train,tsne_2d
5.833079,-39.782913,1,train,tsne_2d
-34.190304,10.710376,0,train,tsne_2d
5.3328614,35.855915,0,train,tsne_2d
-22.718302,5.768981,0,train,tsne_2d
-30.612816,10.699578,0,train,tsne_2d
-16.856863,-2.3665895,0,train,tsne_2d
40.428307,-3.2880175,1,train,tsne_2d
-37.714817,4.5076303,0,train,tsne_2d
-36.533302,5.11542,0,train,tsne_2d
40.278625,-7.555473,1,train,tsne_2d
40.462166,12.660518,1,train,tsne_2d
40.98587,9.1659355,1,train,tsne_2d
10.8418045,33.54127,0,train,tsne_2d
-33.45093,9.930921,0,train,tsne_2d
-45.951485,-3.024386,0,train,tsne_2d
5.3788214,-22.422743,1,train,tsne_2d
-30.20723,-1.2215335,0,train,tsne_2d
-29.641325,-10.795568,0,train,tsne_2d
36.179104,-1.8886852,1,train,tsne_2d
44.007484,-4.0237727,1,train,tsne_2d
29.056961,0.6193227,1,train,tsne_2d
-45.27793,-4.045066,0,train,tsne_2d
-0.9371848,44.970425,0,train,tsne_2d
-3.7961574,-29.30753,1,train,tsne_2d
-24.281704,-1.3636369,0,train,tsne_2d
12.199632,-32.119385,1,train,tsne_2d
10.963936,-44.73705,1,train,tsne_2d
-4.0053787,36.861824,0,train,tsne_2d
1.4391297,-40.14506,1,train,tsne_2d
-9.810972,-26.04602,1,train,tsne_2d
31.305355,11.498221,1,train,tsne_2d
6.848707,-44.82915,1,train,tsne_2d
2.5714276,41.31829,0,train,tsne_2d
-33.77748,0.8986321,0,train,tsne_2d
-30.539347,10.498781,0,train,tsne_2d
-6.5592155,29.617218,0,train,tsne_2d
-24.840385,7.102818,0,train,tsne_2d
38.24308,8.423699,1,train,tsne_2d
44.180935,1.6864592,1,train,tsne_2d
-34.43907,8.797178,0,train,tsne_2d
42.427254,7.6277804,1,train,tsne_2d
45.645824,11.971778,1,train,tsne_2d
-8.128908,24.893877,0,train,tsne_2d
0.7598348,19.25833,0,train,tsne_2d
1.7282174,27.609268,0,train,tsne_2d
35.2411,-0.6098731,1,train,tsne_2d
-0.74169993,36.32218,0,train,tsne_2d
1.4533148,26.698193,0,train,tsne_2d
39.3027,0.32369283,1,train,tsne_2d
1.853311,21.242342,0,train,tsne_2d
8.057647,-27.27483,1,train,tsne_2d
30.973759,3.3071842,1,train,tsne_2d
7.882281,39.423653,0,train,tsne_2d
-19.6748,-4.079125,0,train,tsne_2d
36.16063,-3.6042314,1,train,tsne_2d
41.85546,10.633784,1,train,tsne_2d
37.3507,-9.207208,1,train,tsne_2d
9.528323,33.609283,0,train,tsne_2d
29.063793,-10.23385,1,train,tsne_2d
4.291351,44.97034,0,train,tsne_2d
35.98159,-8.73282,1,train,tsne_2d
30.087254,-6.695302,1,train,tsne_2d
2.1378002,46.096603,0,train,tsne_2d
-13.748081,-26.859951,1,train,tsne_2d
-42.560387,-1.4048724,0,train,tsne_2d
-19.630533,-3.4394264,0,train,tsne_2d
-6.927903,46.269444,0,train,tsne_2d
-19.361204,-7.4342394,0,train,tsne_2d
-34.494846,5.7895985,0,train,tsne_2d
35.610966,11.610503,1,train,tsne_2d
-21.805136,-4.4619346,0,train,tsne_2d
11.894365,-40.01172,1,train,tsne_2d
29.82275,7.964904,1,train,tsne_2d
29.635405,11.173604,1,train,tsne_2d
3.1689188,34.011322,0,train,tsne_2d
39.738995,11.066619,1,train,tsne_2d
25.419827,10.482717,1,train,tsne_2d
8.563552,-39.98168,1,train,tsne_2d
13.307034,-36.830624,1,train,tsne_2d
-32.87082,6.8126397,0,train,tsne_2d
-4.719662,48.93834,0,train,tsne_2d
-23.364199,-3.8851452,0,train,tsne_2d
37.809525,12.321554,1,train,tsne_2d
12.825805,29.603264,0,train,tsne_2d
1.6277643,-32.79643,1,train,tsne_2d
-27.575623,-12.956757,0,train,tsne_2d
2.0990674,27.397255,0,train,tsne_2d
-3.5365531,43.882736,0,train,tsne_2d
1.0594782,37.724842,0,train,tsne_2d
35.82825,12.290705,1,train,tsne_2d
14.441686,-36.86955,1,train,tsne_2d
-20.38663,-7.2220745,0,train,tsne_2d
-0.22222957,-41.8796,1,train,tsne_2d
43.31033,14.212229,1,train,tsne_2d
-5.3893275,31.872488,0,train,tsne_2d
-2.6223087,-37.884693,1,train,tsne_2d
-35.90331,-0.44881746,0,train,tsne_2d
33.647926,-11.963967,1,train,tsne_2d
7.8782086,-42.48291,1,train,tsne_2d
-31.489656,-1.4496601,0,train,tsne_2d
-15.64919,-1.4471978,0,train,tsne_2d
4.3488355,45.799343,0,train,tsne_2d
-2.1462193,48.97308,0,train,tsne_2d
-24.666594,-8.434304,0,train,tsne_2d
30.24385,1.4826419,1,train,tsne_2d
38.115883,5.49391,1,train,tsne_2d
34.0193,-8.819058,1,train,tsne_2d
9.057657,-31.935877,1,train,tsne_2d
-36.747604,1.1190393,0,train,tsne_2d
-9.948712,-27.960407,1,train,tsne_2d
-0.9194237,45.003136,0,train,tsne_2d
0.6120103,-23.296589,1,train,tsne_2d
32.30671,0.099769875,1,train,tsne_2d
7.441418,-33.572006,1,train,tsne_2d
48.614334,4.8209686,1,train,tsne_2d
36.93517,4.274408,1,train,tsne_2d
49.078915,6.787245,1,train,tsne_2d
-36.92971,6.9831595,0,train,tsne_2d
-41.829117,6.124765,0,train,tsne_2d
36.002373,7.520261,1,train,tsne_2d
-1.8913308,24.029612,0,train,tsne_2d
-24.749292,-10.520818,0,train,tsne_2d
1.6856804,43.315643,0,train,tsne_2d
2.5804336,-36.65935,1,train,tsne_2d
-27.606064,5.7273135,0,train,tsne_2d
8.428194,-41.79762,1,train,tsne_2d
11.806231,-33.733013,1,train,tsne_2d
35.675865,1.021266,1,train,tsne_2d
-33.868683,-7.777331,0,train,tsne_2d
33.03127,-7.824496,1,train,tsne_2d
41.239567,-5.4631076,1,train,tsne_2d
-14.129507,-36.329556,1,train,tsne_2d
22.722168,2.8334258,1,train,tsne_2d
31.236313,11.1798725,1,train,tsne_2d
-5.49353,49.539307,0,train,tsne_2d
-27.512789,-1.8535783,0,train,tsne_2d
-35.417034,7.9677606,0,train,tsne_2d
-12.167848,-33.300842,1,train,tsne_2d
-1.1300013,34.63635,0,train,tsne_2d
3.6022642,-31.738718,1,train,tsne_2d
7.618426,42.26661,0,train,tsne_2d
-24.207256,-7.4510756,0,train,tsne_2d
-2.1706858,26.339111,0,train,tsne_2d
4.4492702,30.168665,0,train,tsne_2d
-6.791916,22.903858,0,train,tsne_2d
44.565353,0.37817383,1,train,tsne_2d
-4.734701,-24.7349,1,train,tsne_2d
-3.7304487,36.332962,0,train,tsne_2d
-1.8266847,36.26929,0,train,tsne_2d
-5.993398,-36.944794,1,train,tsne_2d
37.604763,-5.5431786,1,train,tsne_2d
-4.580022,23.021326,0,train,tsne_2d
0.27675807,19.068117,0,train,tsne_2d
13.79043,-35.070305,1,train,tsne_2d
1.8106909,42.850372,0,train,tsne_2d
-0.52462536,-32.146942,1,train,tsne_2d
-28.905067,-11.480085,0,train,tsne_2d
-21.377115,-5.610743,0,train,tsne_2d
33.413265,-3.0411763,1,train,tsne_2d
-0.8086338,-45.87145,1,train,tsne_2d
-27.73777,2.7817638,0,train,tsne_2d
5.9614587,27.909306,0,train,tsne_2d
10.550858,-28.037195,1,train,tsne_2d
-3.5171914,-28.269945,1,train,tsne_2d
49.5829,4.236354,0,train,tsne_2d
-1.8993652,27.410273,0,train,tsne_2d
-28.385708,8.702825,0,train,tsne_2d
10.257422,-33.236225,1,train,tsne_2d
-15.891776,-6.442563,0,train,tsne_2d
10.532036,-43.3116,1,train,tsne_2d
-30.014683,-11.07388,0,train,tsne_2d
-1.0252475,32.079178,0,train,tsne_2d
-3.7206054,38.393066,0,train,tsne_2d
33.04521,12.740239,1,train,tsne_2d
10.990125,-28.064287,1,train,tsne_2d
25.676573,-2.9274228,1,train,tsne_2d
-31.724545,-0.22046407,0,train,tsne_2d
34.074326,13.158569,1,train,tsne_2d
-32.81888,11.221272,0,train,tsne_2d
0.5584874,-25.54449,1,train,tsne_2d
11.71598,-39.135296,1,train,tsne_2d
-5.2756896,-40.217953,1,train,tsne_2d
-6.8291264,-35.66964,1,train,tsne_2d
1.4500645,45.073704,0,train,tsne_2d
-32.606827,9.702943,0,train,tsne_2d
8.601707,-35.90312,1,train,tsne_2d
-5.8507752,-44.562084,1,train,tsne_2d
30.638994,-4.4618874,1,train,tsne_2d
-30.854721,8.324457,0,train,tsne_2d
33.87231,0.05424385,1,train,tsne_2d
-1.3537918,-24.970821,1,train,tsne_2d
30.374315,10.586228,1,train,tsne_2d
10.473394,-39.48875,1,train,tsne_2d
-0.7164899,24.657412,0,train,tsne_2d
24.902737,1.4432317,1,train,tsne_2d
25.923473,-1.2646595,1,train,tsne_2d
2.33339,-46.881405,1,train,tsne_2d
33.52698,2.8825057,1,train,tsne_2d
-1.6349071,-23.560112,1,train,tsne_2d
-3.604157,33.509186,0,train,tsne_2d
33.396275,-1.7878604,1,train,tsne_2d
-21.387402,-3.543884,0,train,tsne_2d
-25.322357,-3.9883585,0,train,tsne_2d
37.589363,13.989982,1,train,tsne_2d
-31.475767,-8.673346,0,train,tsne_2d
45.60326,2.8510644,1,train,tsne_2d
-22.054338,-6.118296,0,train,tsne_2d
-0.6497408,38.24671,0,train,tsne_2d
2.7058585,40.249073,0,train,tsne_2d
44.529392,7.116524,1,train,tsne_2d
-13.646302,-31.696154,1,train,tsne_2d
7.595029,38.859913,0,train,tsne_2d
-13.4730425,-30.987576,1,train,tsne_2d
-35.508503,-5.957894,0,train,tsne_2d
-31.880814,-0.23375127,0,train,tsne_2d
41.141884,6.40266,1,train,tsne_2d
6.7387505,-45.34303,1,train,tsne_2d
38.749023,3.9539878,1,train,tsne_2d
33.643684,-3.9330223,1,train,tsne_2d
-8.885832,28.808475,0,train,tsne_2d
3.0534918,26.891819,0,train,tsne_2d
46.148483,8.412835,1,train,tsne_2d
44.145588,12.847661,1,train,tsne_2d
40.980537,14.0441675,1,train,tsne_2d
35.38779,-3.2875555,1,train,tsne_2d
6.8888617,-33.766327,1,train,tsne_2d
39.890686,0.47844854,1,train,tsne_2d
-1.260085,-29.129732,1,train,tsne_2d
-35.8242,-6.6080685,0,train,tsne_2d
28.184824,-6.3464446,1,train,tsne_2d
-8.368638,-32.9123,1,train,tsne_2d
1.4044235,-28.438099,1,train,tsne_2d
3.739748,-31.643305,1,train,tsne_2d
2.564607,-36.99006,1,train,tsne_2d
-30.830133,8.696603,0,train,tsne_2d
-34.31921,7.365445,0,train,tsne_2d
-43.32174,-8.543237,0,train,tsne_2d
-4.442192,19.085722,0,train,tsne_2d
-2.469836,-42.737713,1,train,tsne_2d
-3.6578238,-35.347588,1,train,tsne_2d
12.713137,-42.57892,1,train,tsne_2d
-11.29846,-28.476744,1,train,tsne_2d
-20.038599,0.8988403,0,train,tsne_2d
6.34907,-28.354605,1,train,tsne_2d
-7.6657634,-36.932198,1,train,tsne_2d
23.45593,-3.2412431,1,train,tsne_2d
38.073566,-3.7996874,1,train,tsne_2d
31.467514,-1.0656728,1,train,tsne_2d
-29.748102,-2.0766668,0,train,tsne_2d
38.85061,5.4394174,1,train,tsne_2d
-41.901005,4.1021657,0,train,tsne_2d
0.057497423,-40.66889,1,train,tsne_2d
-19.042612,2.1541786,0,train,tsne_2d
39.750065,-0.21405487,1,train,tsne_2d
-7.286509,31.280048,0,train,tsne_2d
-3.0210238,44.335575,0,train,tsne_2d
-5.1633754,-34.664394,1,train,tsne_2d
-0.4529865,26.130537,0,train,tsne_2d
10.279605,-26.537394,1,train,tsne_2d
-3.867296,31.394178,0,train,tsne_2d
49.348118,7.0245175,1,train,tsne_2d
-28.671194,2.2278967,0,train,tsne_2d
0.53789955,40.061604,0,train,tsne_2d
2.7773306,32.419807,0,train,tsne_2d
44.97734,12.218966,1,train,tsne_2d
-29.40743,5.653157,0,train,tsne_2d
9.091848,-27.135445,1,train,tsne_2d
-31.768288,-6.965621,0,train,tsne_2d
-22.168472,4.4445853,0,train,tsne_2d
-5.5855255,-28.495272,1,train,tsne_2d
-37.64359,1.6752765,0,train,tsne_2d
39.33471,11.560912,1,train,tsne_2d
2.6848893,-23.886217,1,train,tsne_2d
-3.9104605,-44.836338,1,train,tsne_2d
-27.767412,-3.2315702,0,train,tsne_2d
43.162815,-1.7354316,1,train,tsne_2d
-42.568325,-0.49607843,0,train,tsne_2d
8.859822,-45.202103,1,train,tsne_2d
-35.90078,-3.1777964,0,train,tsne_2d
-43.321815,-5.6563993,0,train,tsne_2d
-0.33304057,-33.40356,1,train,tsne_2d
7.861488,43.55248,0,train,tsne_2d
-27.030233,-6.3901024,0,train,tsne_2d
-8.48227,-31.525043,1,train,tsne_2d
-5.246557,35.306694,0,train,tsne_2d
-0.44973385,-30.3106,1,train,tsne_2d
-2.9575942,34.7016,0,train,tsne_2d
28.65103,4.1485343,1,train,tsne_2d
-8.809578,29.920622,0,train,tsne_2d
-1.0719248,41.560173,0,train,tsne_2d
-7.3377337,48.068455,0,train,tsne_2d
33.133034,5.9411273,0,train,tsne_2d
-28.337742,2.24024,0,train,tsne_2d
2.1789632,-21.626307,1,train,tsne_2d
-24.6482,-4.2972627,0,train,tsne_2d
9.268124,-37.1966,1,train,tsne_2d
-3.8319228,34.53922,0,train,tsne_2d
-41.572605,5.129779,0,train,tsne_2d
35.116016,-1.4611472,1,train,tsne_2d
-10.515243,-30.786528,1,train,tsne_2d
-27.53343,-13.000807,0,train,tsne_2d
32.405724,-1.0226487,1,train,tsne_2d
-26.75131,5.259812,0,train,tsne_2d
14.444198,-36.44301,1,train,tsne_2d
44.16445,9.823412,1,train,tsne_2d
-3.613802,-30.724506,1,train,tsne_2d
8.042365,-41.867336,1,train,tsne_2d
7.564759,-45.4714,1,train,tsne_2d
-25.325274,-2.8499093,0,train,tsne_2d
0.5971181,44.624004,0,train,tsne_2d
-14.87994,-33.376293,1,train,tsne_2d
26.106226,5.8548245,1,train,tsne_2d
29.215403,-10.8351555,1,train,tsne_2d
-35.31755,-6.064302,0,train,tsne_2d
31.339025,-7.8532248,1,train,tsne_2d
38.35953,-0.4178649,1,train,tsne_2d
-7.683457,30.15482,0,train,tsne_2d
-1.8831426,-39.841564,1,train,tsne_2d
-7.207041,27.13485,0,train,tsne_2d
-24.640373,-8.070017,0,train,tsne_2d
-31.704178,-8.701703,0,train,tsne_2d
-21.258875,-10.474487,0,train,tsne_2d
-24.029243,-4.8551702,0,train,tsne_2d
6.5842943,27.214756,0,train,tsne_2d
-4.510316,-32.455494,1,train,tsne_2d
46.97142,0.12450207,1,train,tsne_2d
-36.59447,-8.056466,0,train,tsne_2d
-5.509939,24.664375,0,train,tsne_2d
-26.658892,1.7421756,0,train,tsne_2d
35.429985,1.7532598,1,train,tsne_2d
-38.98136,-8.788122,0,train,tsne_2d
-25.87128,4.8354173,0,train,tsne_2d
4.882328,45.903465,0,train,tsne_2d
6.3924828,39.026615,0,train,tsne_2d
-5.9537697,38.17034,0,train,tsne_2d
-32.300884,-11.390413,0,train,tsne_2d
-2.1431048,-29.390423,1,train,tsne_2d
-34.9788,-3.3891408,0,train,tsne_2d
26.266567,7.067776,1,train,tsne_2d
-2.0122454,35.930122,0,train,tsne_2d
40.855396,14.03356,1,train,tsne_2d
-11.587416,-29.919712,1,train,tsne_2d
-5.764407,34.458233,0,train,tsne_2d
-2.951966,46.77088,0,train,tsne_2d
-23.001705,-2.4630973,0,train,tsne_2d
-9.554108,-33.45374,1,train,tsne_2d
-38.928726,4.466324,0,train,tsne_2d
43.409218,5.770988,1,train,tsne_2d
-1.9799135,23.786545,0,train,tsne_2d
-8.216964,45.77168,0,train,tsne_2d
2.1694388,-26.764044,1,train,tsne_2d
-31.291094,-6.5693793,0,train,tsne_2d
-25.490189,1.3121367,0,train,tsne_2d
5.519302,36.873867,0,train,tsne_2d
-33.0849,8.219519,0,train,tsne_2d
-0.12885533,29.541859,0,train,tsne_2d
37.63094,13.041681,1,train,tsne_2d
-25.62649,-7.17036,0,train,tsne_2d
-6.4528775,34.709015,0,train,tsne_2d
-3.4960883,30.069363,0,train,tsne_2d
38.245815,14.252833,1,train,tsne_2d
34.593624,9.386902,1,train,tsne_2d
1.5908978,43.838734,0,train,tsne_2d
44.75017,8.153852,1,train,tsne_2d
2.4453459,-36.885036,1,train,tsne_2d
-9.906964,-32.994778,1,train,tsne_2d
-29.98184,-1.9911599,0,train,tsne_2d
-3.3875031,39.55577,0,train,tsne_2d
7.404624,-38.266266,1,train,tsne_2d
12.807935,-37.44308,1,train,tsne_2d
-3.092873,21.722618,0,train,tsne_2d
-41.79774,5.541803,0,train,tsne_2d
-23.612892,-8.534622,0,train,tsne_2d
-26.79167,-10.301262,0,train,tsne_2d
-19.463465,-1.2180088,0,train,tsne_2d
11.505595,-29.669159,1,train,tsne_2d
34.039917,11.989284,1,train,tsne_2d
32.132343,-4.250354,1,train,tsne_2d
30.411112,-2.0946245,1,train,tsne_2d
-21.955029,-1.5090725,0,train,tsne_2d
-14.141814,-30.339783,1,train,tsne_2d
-33.752853,-10.183674,0,train,tsne_2d
6.2158103,35.493652,0,train,tsne_2d
35.561966,5.8300905,1,train,tsne_2d
-4.223719,-28.365917,1,train,tsne_2d
2.472228,-32.77398,1,train,tsne_2d
-35.613575,-7.67031,0,train,tsne_2d
-5.8261614,35.36074,0,train,tsne_2d
22.08889,1.8526721,1,train,tsne_2d
-35.212933,5.0027776,0,train,tsne_2d
-20.318865,1.2504323,0,train,tsne_2d
-39.418797,7.701344,0,train,tsne_2d
43.968307,-1.6336951,1,train,tsne_2d
-36.412502,4.481745,0,train,tsne_2d
-10.033698,24.994734,0,train,tsne_2d
-4.4068365,-36.770786,1,train,tsne_2d
38.450756,4.3734293,1,train,tsne_2d
43.554558,8.700318,1,train,tsne_2d
-44.123577,-1.4719516,0,train,tsne_2d
7.080261,-29.414791,1,train,tsne_2d
-32.208923,8.195606,0,train,tsne_2d
-29.173138,-8.677293,0,train,tsne_2d
8.113274,-31.006079,1,train,tsne_2d
-5.0125566,39.3106,0,train,tsne_2d
26.391277,-8.237544,1,train,tsne_2d
28.204458,-1.3293571,1,train,tsne_2d
42.22621,-2.7151535,1,train,tsne_2d
38.33848,3.375543,1,train,tsne_2d
-24.76141,5.320742,1,train,tsne_2d
-37.140244,-4.5516143,0,train,tsne_2d
-7.5802116,25.84173,0,train,tsne_2d
-0.24698183,-40.43276,1,train,tsne_2d
0.815263,-43.56264,1,train,tsne_2d
10.557881,-28.060505,1,train,tsne_2d
6.32807,37.05645,0,train,tsne_2d
26.183342,8.653051,1,train,tsne_2d
-0.6402974,21.34016,0,train,tsne_2d
-41.17589,2.4626768,0,train,tsne_2d
28.184938,12.148854,1,train,tsne_2d
-0.6705492,-36.369144,1,train,tsne_2d
-8.642943,27.233599,0,train,tsne_2d
-11.322937,32.00828,0,train,tsne_2d
-10.140602,-32.73338,1,train,tsne_2d
-1.729917,22.759485,0,train,tsne_2d
-29.33463,-0.36229542,0,train,tsne_2d
26.971611,9.092942,1,train,tsne_2d
2.8303344,38.65481,0,train,tsne_2d
37.45458,-9.381647,1,train,tsne_2d
35.961258,9.724213,1,train,tsne_2d
26.31564,6.233884,1,train,tsne_2d
-11.384925,-30.023228,1,train,tsne_2d
-5.5571723,25.900703,0,test,tsne_2d
8.186922,36.56863,0,test,tsne_2d
40.21421,-5.8938627,1,test,tsne_2d
4.0545716,46.901512,0,test,tsne_2d
-3.271957,-45.066814,1,test,tsne_2d
2.578791,47.45559,0,test,tsne_2d
-36.214954,9.709322,0,test,tsne_2d
0.9767748,-36.717762,1,test,tsne_2d
36.414078,0.64736664,1,test,tsne_2d
31.717798,4.209854,1,test,tsne_2d
6.8187666,39.22631,0,test,tsne_2d
-6.114697,33.187588,0,test,tsne_2d
36.934303,4.3529124,1,test,tsne_2d
0.40136713,-23.193438,1,test,tsne_2d
-30.434414,-1.484287,0,test,tsne_2d
-1.3719121,-41.819767,1,test,tsne_2d
15.781373,-36.758728,1,test,tsne_2d
46.942394,10.510188,1,test,tsne_2d
23.591175,3.3247135,1,test,tsne_2d
43.92376,-2.7936776,1,test,tsne_2d
-41.835842,-2.0487363,0,test,tsne_2d
2.740734,47.529274,0,test,tsne_2d
-4.016743,-28.801811,1,test,tsne_2d
7.726468,-46.374435,1,test,tsne_2d
-8.457789,-27.401846,1,test,tsne_2d
30.82622,0.42342225,1,test,tsne_2d
-6.277763,-43.78402,1,test,tsne_2d
35.07516,9.072809,1,test,tsne_2d
-40.0278,-6.3444853,0,test,tsne_2d
36.598724,-7.7380652,1,test,tsne_2d
40.35587,-5.8415127,1,test,tsne_2d
41.996815,1.0556666,1,test,tsne_2d
2.0849981,21.637318,0,test,tsne_2d
8.523053,-33.107727,1,test,tsne_2d
-30.42657,3.8146906,0,test,tsne_2d
-24.973402,-10.008787,0,test,tsne_2d
10.521651,-28.362816,1,test,tsne_2d
34.534676,-1.2704841,1,test,tsne_2d
-14.233036,-34.55283,1,test,tsne_2d
14.24281,-32.643406,1,test,tsne_2d
-8.489574,-38.80826,1,test,tsne_2d
40.86862,7.8307195,1,test,tsne_2d
-5.5980835,30.206568,0,test,tsne_2d
38.47597,14.2701645,1,test,tsne_2d
42.83814,5.811482,1,test,tsne_2d
-15.379955,-27.890497,1,test,tsne_2d
45.120888,13.4265585,1,test,tsne_2d
30.992579,-5.661677,1,test,tsne_2d
8.627979,28.875137,0,test,tsne_2d
-8.055726,45.24393,0,test,tsne_2d
-5.3943563,-33.233295,1,test,tsne_2d
-1.3299575,-23.986439,1,test,tsne_2d
-10.420861,32.100014,0,test,tsne_2d
-43.129745,1.3511215,0,test,tsne_2d
-5.0746946,44.46745,0,test,tsne_2d
-30.203827,7.6863627,0,test,tsne_2d
43.652485,1.2515914,1,test,tsne_2d
45.701057,9.784928,1,test,tsne_2d
-29.855938,-10.455436,0,test,tsne_2d
23.25936,3.3601422,1,test,tsne_2d
6.03626,34.012066,0,test,tsne_2d
43.485397,6.500928,1,test,tsne_2d
-2.8093364,22.94714,0,test,tsne_2d
-29.628403,4.5819206,0,test,tsne_2d
-10.221058,34.133083,0,test,tsne_2d
42.159874,8.679859,1,test,tsne_2d
-28.818909,-4.716165,0,test,tsne_2d
32.05298,13.451001,1,test,tsne_2d
-9.604979,38.856983,0,test,tsne_2d
-34.93923,9.438513,0,test,tsne_2d
-35.741512,-4.4650025,0,test,tsne_2d
35.46541,-3.0396206,1,test,tsne_2d
38.65497,8.678411,1,test,tsne_2d
6.254335,-36.12675,1,test,tsne_2d
25.663889,-4.9322147,1,test,tsne_2d
-8.204836,45.329315,0,test,tsne_2d
-12.001722,-34.539093,1,test,tsne_2d
10.729657,37.337048,0,test,tsne_2d
-1.3211818,48.776955,0,test,tsne_2d
5.3545823,-25.028189,1,test,tsne_2d
-0.21578667,-35.918842,1,test,tsne_2d
31.674976,4.1400647,1,test,tsne_2d
-27.187696,3.967248,0,test,tsne_2d
-38.096596,-10.942097,0,test,tsne_2d
11.52988,33.902412,0,test,tsne_2d
-21.8026,-6.034693,0,test,tsne_2d
-0.18270487,27.074549,0,test,tsne_2d
-31.28058,7.0675154,0,test,tsne_2d
32.16847,5.2269616,1,test,tsne_2d
-2.565249,46.254253,0,test,tsne_2d
-13.465347,-36.637424,1,test,tsne_2d
8.690204,40.021633,0,test,tsne_2d
-0.65925163,-32.27216,1,test,tsne_2d
-28.602774,4.4676447,0,test,tsne_2d
9.402873,42.876003,0,test,tsne_2d
45.754627,9.816124,1,test,tsne_2d
7.563404,-36.450382,1,test,tsne_2d
-1.8911898,51.125957,0,test,tsne_2d
10.696226,-44.138203,1,test,tsne_2d
4.074675,25.792315,0,test,tsne_2d
-12.393943,29.609766,0,test,tsne_2d
48.72278,1.6490371,1,test,tsne_2d
-7.137981,38.850006,0,test,tsne_2d
1.0232189,-30.56495,1,test,tsne_2d
34.2126,-2.151542,1,test,tsne_2d
-5.785092,44.307564,0,test,tsne_2d
-1.83804,39.51653,0,test,tsne_2d
4.817823,38.760784,0,test,tsne_2d
-22.630463,-7.87098,0,test,tsne_2d
10.900466,34.09409,0,test,tsne_2d
-30.881054,3.3941777,0,test,tsne_2d
7.867345,-32.569706,1,test,tsne_2d
-29.41096,5.2366595,0,test,tsne_2d
-33.41433,-6.3088293,0,test,tsne_2d
-24.006834,-3.8366244,0,test,tsne_2d
-20.739487,-1.2890956,0,test,tsne_2d
-13.606391,-31.699696,1,test,tsne_2d
-33.879925,2.1025298,0,test,tsne_2d
7.039054,-31.57509,1,test,tsne_2d
-35.967377,7.9070864,0,test,tsne_2d
-13.837269,-29.931328,1,test,tsne_2d
-40.128777,3.1152453,0,test,tsne_2d
-40.77403,-9.49651,0,test,tsne_2d
25.952858,-3.6682885,1,test,tsne_2d
3.5516975,-30.963945,1,test,tsne_2d
48.242992,0.5973388,1,test,tsne_2d
10.7581835,-38.503834,1,test,tsne_2d
-28.39515,-3.4696846,0,test,tsne_2d
-25.475985,4.313555,0,test,tsne_2d
0.9492577,25.836987,0,test,tsne_2d
-17.723848,-6.9883795,0,test,tsne_2d
-6.255348,40.50972,0,test,tsne_2d
33.603607,8.985463,1,test,tsne_2d
34.402225,4.554097,1,test,tsne_2d
-9.05768,-35.282185,1,test,tsne_2d
4.3243604,24.242777,0,test,tsne_2d
1.5324116,39.811684,0,test,tsne_2d
-21.302555,-10.814625,0,test,tsne_2d
39.60551,14.266484,1,test,tsne_2d
27.056435,-4.7067122,1,test,tsne_2d
-1.4272858,-29.614502,1,test,tsne_2d
-1.8499647,-37.420338,1,test,tsne_2d
31.778976,-7.328094,1,test,tsne_2d
45.676594,8.950923,1,test,tsne_2d
1.6997945,28.531055,0,test,tsne_2d
1.1492167,-38.523544,1,test,tsne_2d
-9.74474,-26.695276,1,test,tsne_2d
-5.0195303,22.4465,0,test,tsne_2d
5.751799,24.797514,0,test,tsne_2d
34.95341,-3.5594697,1,test,tsne_2d
-6.1248965,23.07818,0,test,tsne_2d
-6.990847,-32.21463,1,test,tsne_2d
6.4931703,28.291265,0,test,tsne_2d
-6.6151123,27.483147,0,test,tsne_2d
5.171635,43.642796,0,test,tsne_2d
9.581975,-25.131952,1,test,tsne_2d
-28.243938,-8.159654,0,test,tsne_2d
-8.435881,39.41237,0,test,tsne_2d
38.655552,12.020857,1,test,tsne_2d
32.77126,-11.765705,1,test,tsne_2d
-39.380962,-4.6006646,0,test,tsne_2d
-9.376327,-30.154259,1,test,tsne_2d
26.848156,-3.4723954,1,test,tsne_2d
-8.483501,39.471138,0,test,tsne_2d
44.496727,14.918441,1,test,tsne_2d
1.5593237,-45.125225,1,test,tsne_2d
-8.022624,-33.822437,1,test,tsne_2d
43.35431,-0.5074114,1,test,tsne_2d
37.992634,4.9136276,1,test,tsne_2d
-42.910843,-8.377886,0,test,tsne_2d
-5.8443513,42.807636,0,test,tsne_2d
33.125927,3.095363,1,test,tsne_2d
0.72450984,34.907017,0,test,tsne_2d
-10.658389,-25.952234,1,test,tsne_2d
8.630552,-37.755882,1,test,tsne_2d
46.472553,4.8258696,1,test,tsne_2d
-37.54381,-12.028909,0,test,tsne_2d
39.198887,15.6831665,1,test,tsne_2d
30.67779,-0.054365527,1,test,tsne_2d
2.7061408,-40.024982,1,test,tsne_2d
-9.496348,30.74996,0,test,tsne_2d
-10.328498,-32.521263,1,test,tsne_2d
-41.3714,-1.0155303,0,test,tsne_2d
26.13335,-6.364104,1,test,tsne_2d
-20.921995,-6.5676193,0,test,tsne_2d
-4.588852,36.397484,0,test,tsne_2d
-37.91139,-3.8062313,0,test,tsne_2d
3.9710472,-29.34699,1,test,tsne_2d
-1.7887101,-30.640171,1,test,tsne_2d
29.096676,-7.528748,1,test,tsne_2d
-5.7659483,-25.934862,1,test,tsne_2d
6.6553082,39.47564,1,test,tsne_2d
-31.09384,-8.146938,0,test,tsne_2d
-5.4517517,45.30126,0,test,tsne_2d
-0.95498294,27.634262,0,test,tsne_2d
-10.280732,-37.440094,1,test,tsne_2d
-28.839752,4.6218915,0,test,tsne_2d
32.268784,-8.915611,1,test,tsne_2d
-33.617798,3.711891,0,test,tsne_2d
-42.968616,-3.036182,0,test,tsne_2d
37.54817,10.336731,1,test,tsne_2d
2.9806857,-23.332512,1,test,tsne_2d
44.482204,-4.3774714,1,test,tsne_2d
0.40548965,-27.406343,1,test,tsne_2d
-10.24392,45.604805,0,test,tsne_2d
8.540717,36.077023,0,test,tsne_2d
-9.050126,27.828623,0,test,tsne_2d
-19.311615,0.9991514,0,test,tsne_2d
-13.994958,-34.485413,1,test,tsne_2d
-10.145381,45.492577,0,test,tsne_2d
7.009026,43.01903,0,test,tsne_2d
-13.069031,-34.75375,1,test,tsne_2d
-38.163612,0.618442,0,test,tsne_2d
6.6179986,-31.21842,1,test,tsne_2d
37.60925,-4.444966,1,test,tsne_2d
-6.5274653,-31.477951,1,test,tsne_2d
3.6070983,28.29695,0,test,tsne_2d
29.600023,-0.7817592,1,test,tsne_2d
31.926651,-0.10032744,1,test,tsne_2d
-11.803548,-31.90851,1,test,tsne_2d
12.400603,-37.014423,1,test,tsne_2d
33.984135,11.374506,1,test,tsne_2d
-6.410364,46.067482,0,test,tsne_2d
-24.714066,-10.156715,0,test,tsne_2d
41.335243,13.313808,1,test,tsne_2d
0.56354725,40.750122,0,test,tsne_2d
30.904076,-5.190604,1,test,tsne_2d
-36.65058,-8.027998,0,test,tsne_2d
-5.9747047,39.4421,0,test,tsne_2d
-6.408959,42.411205,0,test,tsne_2d
-35.300568,-4.6897035,0,test,tsne_2d
11.843775,29.694462,0,test,tsne_2d
-1.4454398,-41.738693,1,test,tsne_2d
-32.79333,4.218896,0,test,tsne_2d
-6.7687902,-28.91846,1,test,tsne_2d
-9.187847,38.05289,0,test,tsne_2d
-11.09813,32.643192,0,test,tsne_2d
-5.4814186,29.417736,0,test,tsne_2d
-30.059708,4.0574985,0,test,tsne_2d
2.5098045,28.859486,0,test,tsne_2d
4.023701,46.907703,0,test,tsne_2d
35.124817,4.464118,1,test,tsne_2d
-20.460236,-8.616584,0,test,tsne_2d
3.910065,-29.391212,1,test,tsne_2d
26.49597,0.5065809,1,test,tsne_2d
4.9460616,41.93331,0,test,tsne_2d
-22.728199,2.459944,0,test,tsne_2d
22.843225,4.5748982,1,test,tsne_2d
47.56976,-1.0094062,1,test,tsne_2d
7.3510685,41.634064,0,test,tsne_2d
8.332934,-37.954235,1,test,tsne_2d
6.646273,28.54601,0,test,tsne_2d
-4.354906,-39.74751,1,test,tsne_2d
31.589685,11.310971,1,test,tsne_2d
1.9466709,-28.711372,1,test,tsne_2d
-28.96394,-0.5756804,0,test,tsne_2d
44.438545,11.6733675,1,test,tsne_2d
29.168013,6.677919,1,test,tsne_2d
-7.5038576,-37.742897,1,test,tsne_2d
-31.332212,7.668926,0,test,tsne_2d
39.19385,1.5563419,1,test,tsne_2d
5.369976,-44.077156,1,test,tsne_2d
-43.9757,-1.744899,0,test,tsne_2d
5.6618376,41.187454,0,test,tsne_2d
5.05361,-41.762897,1,test,tsne_2d
-2.781152,-34.30898,1,test,tsne_2d
-4.1585026,-31.352076,1,test,tsne_2d
-5.093321,-40.254406,1,test,tsne_2d
43.53812,6.3384895,1,test,tsne_2d
34.348152,15.010734,1,test,tsne_2d
40.645985,10.584615,1,test,tsne_2d
46.25395,2.2150354,1,test,tsne_2d
-6.4066772,48.27087,0,test,tsne_2d
-4.442749,48.092407,0,test,tsne_2d
-9.445107,30.643084,0,test,tsne_2d
-38.035778,0.39168912,0,test,tsne_2d
-8.9874935,30.81566,0,test,tsne_2d
10.503903,-34.290035,1,test,tsne_2d
-22.439503,-0.35383773,0,test,tsne_2d
33.488644,14.855625,1,test,tsne_2d
-14.358992,-34.856384,1,test,tsne_2d
-17.030773,-32.911346,1,test,tsne_2d
-6.8940816,-34.65441,1,test,tsne_2d
6.2866745,21.60654,0,test,tsne_2d
7.565871,31.57865,0,test,tsne_2d
-36.04818,-11.27946,0,test,tsne_2d
-11.0363865,31.964605,0,test,tsne_2d
-0.7946176,33.314693,0,test,tsne_2d
8.555716,-30.888628,1,test,tsne_2d
-7.5772247,42.201897,0,test,tsne_2d
6.600602,-43.795326,1,test,tsne_2d
-40.32403,-0.4270904,0,test,tsne_2d
4.4592557,-33.907963,1,test,tsne_2d
-8.939792,44.233807,0,test,tsne_2d
39.78574,-6.086902,1,test,tsne_2d
-12.086302,-32.897774,1,test,tsne_2d
-36.773705,4.732919,0,test,tsne_2d
-7.356861,26.974857,0,test,tsne_2d
32.064156,13.203072,1,test,tsne_2d
-29.191553,3.6444848,0,test,tsne_2d
-13.356374,-24.562143,1,test,tsne_2d
31.141932,4.5484104,1,test,tsne_2d
1.2452408,41.641026,0,test,tsne_2d
41.723114,1.8499452,1,test,tsne_2d
-0.068703644,34.364174,0,test,tsne_2d
-39.626385,-9.192053,0,test,tsne_2d
-21.033371,-10.370141,0,test,tsne_2d
-2.5584831,48.089756,0,test,tsne_2d
8.295261,-25.476627,1,test,tsne_2d
6.5859933,-34.939713,1,test,tsne_2d
-4.870671,22.53995,0,test,tsne_2d
-0.47339648,-35.71316,1,test,tsne_2d
31.692827,6.9702196,1,test,tsne_2d
-23.285656,-7.090918,0,test,tsne_2d
-10.193827,29.766071,0,test,tsne_2d
-14.871409,-6.9451466,0,test,tsne_2d
-7.316264,-36.217808,1,test,tsne_2d
-8.843244,-35.22768,1,test,tsne_2d
0.9752256,-28.750435,1,test,tsne_2d
-40.407516,-1.7447165,0,test,tsne_2d
36.144085,9.369781,1,test,tsne_2d
26.378136,-6.043445,1,test,tsne_2d
4.9401536,36.193237,0,test,tsne_2d
-21.375744,-3.615016,0,test,tsne_2d
-23.3557,0.6778393,0,test,tsne_2d
-25.32427,1.6516519,0,test,tsne_2d
-2.134993,-43.1314,1,test,tsne_2d
7.6827826,-32.232437,1,test,tsne_2d
8.924665,34.74909,0,test,tsne_2d
-0.6795092,50.173275,0,test,tsne_2d
6.384959,-35.872337,1,test,tsne_2d
7.2699885,-43.33972,1,test,tsne_2d
-9.620268,-40.872177,1,test,tsne_2d
-28.071287,-4.9746823,0,test,tsne_2d
-4.645117,33.882595,0,test,tsne_2d
12.494083,-38.187336,1,test,tsne_2d
8.167001,-32.6341,1,test,tsne_2d
-28.083784,-4.5708594,0,test,tsne_2d
-3.495531,33.3242,0,test,tsne_2d
9.639386,42.209393,0,test,tsne_2d
40.541527,-0.6038858,1,test,tsne_2d
-0.715393,29.714209,0,test,tsne_2d
-4.651094,37.70092,0,test,tsne_2d
-34.457672,-0.051505495,0,test,tsne_2d
-40.579113,8.917412,0,test,tsne_2d
0.13992552,-35.773136,1,test,tsne_2d
-34.698433,7.103155,0,test,tsne_2d
-35.33739,-9.55493,0,test,tsne_2d
-32.82727,11.076836,0,test,tsne_2d
4.795999,-37.035366,1,test,tsne_2d
34.23319,-0.73958445,1,test,tsne_2d
39.98959,4.449282,1,test,tsne_2d
3.3798618,-26.969236,1,test,tsne_2d
-1.7772107,-23.210787,1,test,tsne_2d
-17.861115,-8.836871,0,test,tsne_2d
6.865461,-26.812685,1,test,tsne_2d
-45.027866,-6.85753,0,test,tsne_2d
-32.259026,-2.1752737,0,test,tsne_2d
-26.960096,-3.70121,0,test,tsne_2d
2.4122083,26.271664,0,test,tsne_2d
5.370435,-22.515953,1,test,tsne_2d
-7.0099916,32.482918,0,test,tsne_2d
8.064822,32.87054,0,test,tsne_2d
-27.536606,-10.43461,0,test,tsne_2d
-10.095987,-34.040684,1,test,tsne_2d
33.232235,-6.4935236,1,test,tsne_2d
-32.20073,-11.146805,0,test,tsne_2d
11.898593,31.636932,0,test,tsne_2d
-28.781654,-5.764127,0,test,tsne_2d
-31.805254,7.677624,0,test,tsne_2d
-25.465649,0.6519457,0,test,tsne_2d
-0.15151201,46.718468,0,test,tsne_2d
7.904006,-24.802618,1,test,tsne_2d
42.87285,2.9718003,1,test,tsne_2d
45.31069,-2.759459,1,test,tsne_2d
-5.4146414,-34.550137,1,test,tsne_2d
-34.05293,-7.620239,0,test,tsne_2d
-10.544269,-26.033379,1,test,tsne_2d
33.707546,-1.2041209,1,test,tsne_2d
-2.0660374,49.294964,0,test,tsne_2d
3.8834972,26.3542,0,test,tsne_2d
4.2316265,24.043278,0,test,tsne_2d
34.13553,-4.170279,1,test,tsne_2d
-29.170832,5.1566296,0,test,tsne_2d
2.2312567,-44.51821,1,test,tsne_2d
-9.680787,-41.020504,1,test,tsne_2d
9.186482,-33.917576,1,test,tsne_2d
47.496834,-1.2626864,1,test,tsne_2d
-37.975662,2.4845686,0,test,tsne_2d
-1.0556397,34.829216,0,test,tsne_2d
4.0973096,40.8525,0,test,tsne_2d
28.26128,6.591317,1,test,tsne_2d
-0.36791486,-44.07499,1,test,tsne_2d
43.924747,-1.5731977,1,test,tsne_2d
-33.116535,6.1215706,0,test,tsne_2d
9.398089,-28.159319,1,test,tsne_2d
-10.077308,33.005062,0,test,tsne_2d
9.366894,-25.16428,1,test,tsne_2d
-4.2695684,-40.886337,1,test,tsne_2d
9.400982,34.850864,0,test,tsne_2d
-43.283077,-6.3661246,0,test,tsne_2d
33.801533,9.114264,1,test,tsne_2d
-43.396866,5.521849,0,test,tsne_2d
-43.16455,5.066597,0,test,tsne_2d
-0.038873598,-21.220613,1,test,tsne_2d
29.059156,-1.2917556,1,test,tsne_2d
-7.649044,29.176245,0,test,tsne_2d
47.220615,1.5590141,1,test,tsne_2d
9.892959,-30.89777,1,test,tsne_2d
-43.27068,-0.047772087,0,test,tsne_2d
-28.211956,-3.4103105,0,test,tsne_2d
47.21532,-0.112074174,1,test,tsne_2d
-15.063208,-4.755036,0,test,tsne_2d
-32.363434,5.5531173,0,test,tsne_2d
-16.96889,-5.119588,0,test,tsne_2d
34.90574,10.304509,1,test,tsne_2d
-2.3881252,31.614248,0,test,tsne_2d
32.620007,3.964629,1,test,tsne_2d
31.201391,14.386531,1,test,tsne_2d
-20.324148,0.38017642,0,test,tsne_2d
2.6601167,-29.363823,1,test,tsne_2d
-35.94202,-3.2188325,0,test,tsne_2d
32.35656,9.342109,1,test,tsne_2d
-1.154821,-45.297924,1,test,tsne_2d
-30.447895,4.6320853,0,test,tsne_2d
5.763856,-42.057934,1,test,tsne_2d
44.953438,11.85229,1,test,tsne_2d
1.6404414,-38.977192,1,test,tsne_2d
-35.602562,0.61025554,0,test,tsne_2d
-39.18815,-4.3620496,0,test,tsne_2d
-5.963946,30.680962,0,test,tsne_2d
6.6370707,-38.632057,1,test,tsne_2d
-38.151592,-5.390845,0,test,tsne_2d
-11.170287,-36.87552,1,test,tsne_2d
-25.644434,-4.2047696,0,test,tsne_2d
1.6577759,-24.238392,1,test,tsne_2d
-43.8301,0.3876348,0,test,tsne_2d
9.586271,-30.375185,1,test,tsne_2d
8.389738,-36.129673,1,test,tsne_2d
32.371983,4.3869886,1,test,tsne_2d
4.313119,-40.783173,1,test,tsne_2d
34.485435,7.430829,1,test,tsne_2d
-3.2934682,-41.859165,1,test,tsne_2d
37.32572,-0.15494846,1,test,tsne_2d
1.5001876,-45.2116,1,test,tsne_2d
11.76144,31.565489,0,test,tsne_2d
-6.6599607,27.904644,0,test,tsne_2d
-26.495125,-2.4371412,0,test,tsne_2d
-16.001013,-34.69746,1,test,tsne_2d
-29.857252,-0.608992,0,test,tsne_2d
3.1222594,-34.81957,1,test,tsne_2d
-32.409172,-9.122148,0,test,tsne_2d
-9.882455,-37.542988,1,test,tsne_2d
42.79857,-1.0135074,1,test,tsne_2d
-0.65288293,50.29094,0,test,tsne_2d
-10.067091,-36.495007,1,test,tsne_2d
-5.929784,30.735954,0,test,tsne_2d
47.190575,1.3968613,1,test,tsne_2d
31.917202,9.022355,1,test,tsne_2d
9.813612,32.965256,0,test,tsne_2d
-21.76461,7.575606,0,test,tsne_2d
-4.3735943,48.4074,0,test,tsne_2d
-3.3608954,33.52824,0,test,tsne_2d
24.870047,-6.526162,1,test,tsne_2d
-1.8002886,-32.79005,1,test,tsne_2d
42.230114,0.2664637,1,test,tsne_2d
-1.8240093,-24.916817,1,test,tsne_2d
-32.364956,3.186026,0,test,tsne_2d
-3.7900279,43.29332,0,test,tsne_2d
31.816236,-12.448547,1,test,tsne_2d
49.272,3.1202013,1,test,tsne_2d
5.362627,26.3244,0,test,tsne_2d
38.11909,5.6090994,1,test,tsne_2d
4.145196,39.32335,0,test,tsne_2d
-37.323914,6.9634633,0,test,tsne_2d
-7.8592257,34.858,0,test,tsne_2d
30.858624,-8.320493,1,test,tsne_2d
1.9182082,45.09703,0,test,tsne_2d
-43.08933,-2.5752013,0,test,tsne_2d
35.727703,-8.810023,1,test,tsne_2d
28.927492,-1.4806308,1,test,tsne_2d
1.094837,-23.232115,1,test,tsne_2d
-29.629202,-11.063261,0,test,tsne_2d
-6.446395,26.792439,0,test,tsne_2d
-1.8288606,22.860697,0,test,tsne_2d
-10.587877,43.521122,0,test,tsne_2d
-5.1843266,-28.187172,1,test,tsne_2d
-21.379324,-10.828668,0,test,tsne_2d
-34.4088,2.4697013,0,test,tsne_2d
-37.06101,-11.695387,0,test,tsne_2d
-17.115864,-3.7431915,0,test,tsne_2d
3.1471374,-22.921204,1,test,tsne_2d
40.732925,-4.981114,1,test,tsne_2d
38.43849,-0.47802234,1,test,tsne_2d
3.9231029,39.356148,0,test,tsne_2d
2.8641822,32.754528,0,test,tsne_2d
44.19521,-4.0658016,1,test,tsne_2d
24.07826,2.0000598,1,test,tsne_2d
-33.21538,7.489979,0,test,tsne_2d
-5.251387,-29.819023,1,test,tsne_2d
-38.71355,0.20681031,0,test,tsne_2d
42.923317,-7.110546,1,test,tsne_2d
-10.145026,38.232803,0,test,tsne_2d
38.38259,9.424922,1,test,tsne_2d
45.409348,1.4678407,1,test,tsne_2d
-13.192733,-24.579342,1,test,tsne_2d
-6.269774,43.860287,0,test,tsne_2d
-41.792313,-2.3371308,0,test,tsne_2d
38.447212,-2.9478166,1,test,tsne_2d
-4.460238,19.06243,0,test,tsne_2d
-28.376646,-9.583943,0,test,tsne_2d
6.4558406,35.90043,0,test,tsne_2d
6.9049263,-30.144958,1,test,tsne_2d
-37.94305,-2.1280086,0,test,tsne_2d
-37.129604,5.3390265,0,test,tsne_2d
-10.701869,29.969276,0,test,tsne_2d
-29.918224,2.2067223,0,test,tsne_2d
-7.4698577,-37.643623,1,test,tsne_2d
-16.3658,-6.3450584,0,test,tsne_2d
40.397774,-3.4420533,1,test,tsne_2d
-7.010988,-41.64447,1,test,tsne_2d
0.98551285,-36.543438,1,test,tsne_2d
10.747602,-31.835558,1,test,tsne_2d
-16.991463,-2.700606,0,test,tsne_2d
43.919506,5.199405,1,test,tsne_2d
2.333054,35.449062,0,test,tsne_2d
-6.7513595,37.64586,0,test,tsne_2d
-40.870564,1.0796019,0,test,tsne_2d
-35.2481,-8.453587,0,test,tsne_2d
-26.973581,-2.3762538,0,test,tsne_2d
-29.652689,-5.363699,0,test,tsne_2d
-0.1920258,26.923445,0,test,tsne_2d
-7.8215475,-38.828648,1,test,tsne_2d
6.990213,-34.642036,1,test,tsne_2d
-37.119614,10.43226,0,test,tsne_2d
-4.9152184,33.21238,0,test,tsne_2d
-42.302605,2.0059183,0,test,tsne_2d
10.077857,-34.67504,1,test,tsne_2d
-20.575909,-0.3425535,0,test,tsne_2d
-19.556545,-4.8278937,0,test,tsne_2d
35.310543,15.342306,1,test,tsne_2d
-1.8149326,-32.79247,1,test,tsne_2d
-41.613724,2.2604935,0,test,tsne_2d
-31.971436,-3.0797598,0,test,tsne_2d
-3.50962,-29.9712,1,test,tsne_2d
-1.7003103,39.552578,0,test,tsne_2d
45.681335,8.618203,1,test,tsne_2d
-29.72096,7.359635,0,test,tsne_2d
-42.636223,-9.109939,0,test,tsne_2d
36.083508,9.840332,1,test,tsne_2d
-39.917908,9.426368,0,test,tsne_2d
-31.085268,-8.774062,0,test,tsne_2d
42.23138,7.3353553,1,test,tsne_2d
-35.749317,-8.237662,0,test,tsne_2d
11.344691,-31.09584,1,test,tsne_2d
-27.818876,11.046524,0,test,tsne_2d
43.456615,7.148744,1,test,tsne_2d
-23.063108,-0.84811616,0,test,tsne_2d
35.201077,-10.613427,1,test,tsne_2d
0.03194253,-21.338614,1,test,tsne_2d
-0.4223973,39.81678,0,test,tsne_2d
-41.87951,-1.1152083,0,test,tsne_2d
1.4107028,-40.352455,1,test,tsne_2d
25.587244,8.154202,1,test,tsne_2d
-0.5999865,-44.36036,1,test,tsne_2d
7.8583107,-24.611969,1,test,tsne_2d
5.13763,41.98964,0,test,tsne_2d
2.3202775,37.030426,0,test,tsne_2d
-5.6348844,48.741055,0,test,tsne_2d
-2.103033,-25.817951,1,test,tsne_2d
24.132385,6.794958,1,test,tsne_2d
-5.045689,37.69293,0,test,tsne_2d
34.90066,0.5205795,1,test,tsne_2d
1.3998117,-27.237413,1,test,tsne_2d
-13.076118,-24.612358,1,test,tsne_2d
43.63171,11.573851,1,test,tsne_2d
10.048444,-35.141563,1,test,tsne_2d
-3.7700858,-39.672783,1,test,tsne_2d
10.219237,27.527517,0,test,tsne_2d
3.3488822,-24.40918,1,test,tsne_2d
38.06303,13.623333,1,test,tsne_2d
-0.19477025,35.288895,0,test,tsne_2d
-31.52747,-1.4662029,0,test,tsne_2d
-30.165045,2.052135,0,test,tsne_2d
-31.51492,-11.063021,0,test,tsne_2d
40.66055,5.8134985,1,test,tsne_2d
6.4103985,-30.991018,1,test,tsne_2d
-35.095165,5.837739,0,test,tsne_2d
-3.1853375,36.64257,0,test,tsne_2d
11.990469,-36.888622,1,test,tsne_2d
-38.451458,6.0449653,0,test,tsne_2d
6.6771097,-27.102316,1,test,tsne_2d
-4.774711,-38.208553,1,test,tsne_2d
-6.674075,44.6889,0,test,tsne_2d
-7.258725,-27.872643,1,test,tsne_2d
-7.607474,35.9405,0,test,tsne_2d
-20.335016,-1.1064024,0,test,tsne_2d
-4.5742435,-32.534966,1,test,tsne_2d
32.82643,-9.971899,1,test,tsne_2d
37.7652,5.079919,1,test,tsne_2d
-35.302048,8.787337,0,test,tsne_2d
0.10570327,37.946957,0,test,tsne_2d
38.563446,-3.6834836,1,test,tsne_2d
-3.0214932,22.144524,0,test,tsne_2d
-28.570616,2.5515707,0,test,tsne_2d
-6.707337,-29.47107,1,test,tsne_2d
-0.98450345,-34.68565,1,test,tsne_2d
45.142395,12.599095,1,test,tsne_2d
2.4381716,29.548603,0,test,tsne_2d
-5.93624,47.35573,0,test,tsne_2d
-1.9959418,-28.595284,1,test,tsne_2d
28.291573,6.284636,1,test,tsne_2d
-20.237066,-3.9059741,0,test,tsne_2d
6.698184,-39.755245,1,test,tsne_2d
-29.67497,3.2756505,0,test,tsne_2d
-1.8347373,-35.14281,1,test,tsne_2d
-1.0686173,31.976992,0,test,tsne_2d
27.070314,3.8421543,1,test,tsne_2d
-3.3485672,42.436954,0,test,tsne_2d
-21.833036,-2.0751648,0,test,tsne_2d
-11.784992,-35.759422,1,test,tsne_2d
-44.546543,0.07640463,0,test,tsne_2d
3.982308,36.99465,0,test,tsne_2d
7.6943974,38.40025,0,test,tsne_2d
43.742256,5.5594287,1,test,tsne_2d
-4.241154,28.455467,0,test,tsne_2d
-0.069605865,30.771278,0,test,tsne_2d
26.73924,1.0562437,1,test,tsne_2d
4.2192473,25.851267,0,test,tsne_2d
-37.06577,-6.8446326,0,test,tsne_2d
-14.123775,-5.4108415,0,test,tsne_2d
29.446083,-3.8300605,1,test,tsne_2d
-34.060867,-5.318327,0,test,tsne_2d
-38.913532,4.494024,0,test,tsne_2d
-10.181286,40.893578,0,test,tsne_2d
-25.64781,-0.4267427,0,test,tsne_2d
33.95556,-9.02136,1,test,tsne_2d
1.9778106,36.29169,0,test,tsne_2d
8.50438,29.217833,0,test,tsne_2d
7.3292575,-40.913303,1,test,tsne_2d
30.997398,-8.214498,1,test,tsne_2d
31.930777,-6.2577333,1,test,tsne_2d
4.6663804,31.979067,0,test,tsne_2d
-2.2325315,-27.226736,1,test,tsne_2d
-35.649902,0.06793873,0,test,tsne_2d
29.837896,0.2512042,1,test,tsne_2d
-22.964197,-3.9550185,0,test,tsne_2d
4.6354833,-29.144299,1,test,tsne_2d
-6.74302,46.260246,0,test,tsne_2d
-5.901313,-44.665306,1,test,tsne_2d
-0.44820747,-42.604866,1,test,tsne_2d
-9.248981,43.43267,0,test,tsne_2d
-2.6210258,-44.334137,1,test,tsne_2d
-6.183843,-33.722115,1,test,tsne_2d
-1.9075009,-26.3345,1,test,tsne_2d
31.07097,-9.019799,1,test,tsne_2d
7.332088,33.100227,0,test,tsne_2d
-1.4148909,-38.84255,1,test,tsne_2d
10.571063,31.24954,0,test,tsne_2d
-26.81989,-2.6239483,0,test,tsne_2d
31.486992,-1.9994239,1,test,tsne_2d
8.857914,-31.551205,1,test,tsne_2d
1.7928623,47.202896,0,test,tsne_2d
50.363182,6.768532,1,test,tsne_2d
47.851727,1.0307194,1,test,tsne_2d
2.8687885,-32.68832,1,test,tsne_2d
-0.8428451,29.30004,0,test,tsne_2d
6.8775473,-38.61587,1,test,tsne_2d
48.02114,2.8112428,1,test,tsne_2d
-15.681394,0.9072878,0,test,tsne_2d
-28.675482,-11.27874,0,test,tsne_2d
-24.276249,-1.1315575,0,test,tsne_2d
30.146915,6.4683213,1,test,tsne_2d
-15.427951,-1.2666298,0,test,tsne_2d
34.398514,2.698203,1,test,tsne_2d
-15.262858,-31.683784,1,test,tsne_2d
-5.2611613,-28.073198,1,test,tsne_2d
-36.233646,-13.3167095,0,test,tsne_2d
9.893427,26.644339,0,test,tsne_2d
-32.24648,-2.2723424,0,test,tsne_2d
-0.36553124,41.15145,0,test,tsne_2d
37.190742,-1.1754111,1,test,tsne_2d
-43.239285,-6.674131,0,test,tsne_2d
28.573637,-3.258073,1,test,tsne_2d
-9.29234,25.0734,0,test,tsne_2d
-0.5568463,-34.767204,1,test,tsne_2d
-40.9168,-6.660287,0,test,tsne_2d
-42.775944,-1.4705926,0,test,tsne_2d
-9.450651,27.985693,0,test,tsne_2d
2.7329352,40.022285,0,test,tsne_2d
34.0204,2.6407301,1,test,tsne_2d
34.99835,-6.100394,1,test,tsne_2d
-25.373774,3.8874657,0,test,tsne_2d
-3.617627,40.30327,0,test,tsne_2d
-44.009983,-1.1827102,0,test,tsne_2d
-33.820976,-8.071685,0,test,tsne_2d
-43.231003,-1.7172076,0,test,tsne_2d
29.45384,3.3862636,1,test,tsne_2d
-10.968149,41.061687,0,test,tsne_2d
38.011505,0.67602295,1,test,tsne_2d
-40.568665,-1.9658729,0,test,tsne_2d
-25.84978,3.6132479,0,test,tsne_2d
3.1501853,-39.764954,1,test,tsne_2d
31.523495,-7.6150317,1,test,tsne_2d
-23.053074,0.9113889,0,test,tsne_2d
5.354741,-25.098484,1,test,tsne_2d
32.353764,-10.674098,1,test,tsne_2d
-21.175817,-8.375646,0,test,tsne_2d
-9.038183,44.762302,0,test,tsne_2d
-9.8019,44.81425,0,test,tsne_2d
4.4846044,31.563833,0,test,tsne_2d
10.888705,-38.141003,1,test,tsne_2d
-0.012962498,23.918346,0,test,tsne_2d
-0.2630522,37.649952,0,test,tsne_2d
21.962835,1.464927,1,test,tsne_2d
14.294301,-40.383205,1,test,tsne_2d
33.693447,-1.8939354,1,test,tsne_2d
0.31777894,33.835506,0,test,tsne_2d
10.7602825,-44.729973,1,test,tsne_2d
11.795752,31.620062,0,test,tsne_2d
0.83795696,19.093477,0,test,tsne_2d
-26.359417,-5.7523847,0,test,tsne_2d
27.945745,-7.570921,1,test,tsne_2d
5.3211203,-31.440136,1,test,tsne_2d
0.37288278,22.580915,0,test,tsne_2d
-31.59901,-5.2527947,0,test,tsne_2d
-33.71983,1.9928043,0,test,tsne_2d
8.854969,28.660917,0,test,tsne_2d
25.04219,-0.63050646,1,test,tsne_2d
5.201592,31.071667,0,test,tsne_2d
-0.3828632,-44.022697,1,test,tsne_2d
40.750237,-0.92189497,1,test,tsne_2d
-13.27762,-29.656614,1,test,tsne_2d
43.48041,2.1959426,1,test,tsne_2d
-2.8963218,36.658962,0,test,tsne_2d
26.036137,8.458543,1,test,tsne_2d
39.842873,-6.5309544,1,test,tsne_2d
-33.33594,6.988024,0,test,tsne_2d
9.988841,-42.486248,1,test,tsne_2d
-45.11894,0.13768746,0,test,tsne_2d
8.112343,-35.504124,1,test,tsne_2d
4.9102297,-41.62202,1,test,tsne_2d
11.138211,-44.025074,1,test,tsne_2d
15.041762,-35.57338,1,test,tsne_2d
-3.029771,-34.37,1,test,tsne_2d
27.228271,9.005821,1,test,tsne_2d
5.771256,-39.991936,1,test,tsne_2d
-1.4247419,-28.099493,1,test,tsne_2d
32.42979,5.78317,1,test,tsne_2d
25.20527,-4.818341,1,test,tsne_2d
36.47293,-7.122702,1,test,tsne_2d
-27.81526,11.021706,0,test,tsne_2d
-16.788445,-4.4913564,0,test,tsne_2d
-35.918816,9.664844,0,test,tsne_2d
22.644974,-0.48219103,1,test,tsne_2d
-7.223454,29.553335,0,test,tsne_2d
-36.0598,-12.153796,0,test,tsne_2d
-8.3172655,-38.810173,1,test,tsne_2d
-21.554455,4.548823,0,test,tsne_2d
-14.567762,-34.830395,1,test,tsne_2d
40.543633,-1.6290531,1,test,tsne_2d
46.669807,2.1580584,1,test,tsne_2d
32.90937,15.561692,1,test,tsne_2d
-17.544863,-4.5302873,0,test,tsne_2d
13.887638,31.451237,0,test,tsne_2d
-37.163254,-1.9371011,0,test,tsne_2d
8.963575,-36.202236,1,test,tsne_2d
-7.6574736,25.918873,0,test,tsne_2d
42.52627,4.767074,1,test,tsne_2d
-38.094418,1.3162612,0,test,tsne_2d
